date,venue,race_no,race_name,detail,horse_no,horse_name,win_odds,implied_prob,fetched_at_jst,race_status
2026-06-13,東京,1,3歳未勝利,09:55発走 / ダ1600m (左) / 天候:晴 / 馬場:重,1,レディソフィア,11.7,8.5,2026-06-13 16:44:43+09:00,result
2026-06-13,東京,1,3歳未勝利,09:55発走 / ダ1600m (左) / 天候:晴 / 馬場:重,2,ゼフィリア,11.3,8.8,2026-06-13 16:44:43+09:00,result
2026-06-13,東京,1,3歳未勝利,09:55発走 / ダ1600m (左) / 天候:晴 / 馬場:重,3,ジーティーフクフク,150.0,0.7,2026-06-13 16:44:43+09:00,result
2026-06-13,東京,1,3歳未勝利,09:55発走 / ダ1600m (左) / 天候:晴 / 馬場:重,4,ドナソラーレ,132.2,0.8,2026-06-13 16:44:43+09:00,result
2026-06-13,東京,1,3歳未勝利,09:55発走 / ダ1600m (左) / 天候:晴 / 馬場:重,5,ストーリーオブラブ,8.3,12.0,2026-06-13 16:44:43+09:00,result
2026-06-13,東京,1,3歳未勝利,09:55発走 / ダ1600m (左) / 天候:晴 / 馬場:重,6,レヴェンドール,89.5,1.1,2026-06-13 16:44:43+09:00,result
2026-06-13,東京,1,3歳未勝利,09:55発走 / ダ1600m (左) / 天候:晴 / 馬場:重,7,アルティソナンテ,29.1,3.4,2026-06-13 16:44:43+09:00,result
2026-06-13,東京,1,3歳未勝利,09:55発走 / ダ1600m (左) / 天候:晴 / 馬場:重,8,タマモチョコチップ,6.2,16.1,2026-06-13 16:44:43+09:00,result
2026-06-13,東京,1,3歳未勝利,09:55発走 / ダ1600m (左) / 天候:晴 / 馬場:重,9,ルージュアリスタ,4.2,23.8,2026-06-13 16:44:43+09:00,result
2026-06-13,東京,1,3歳未勝利,09:55発走 / ダ1600m (左) / 天候:晴 / 馬場:重,10,ブリサマリーナ,12.4,8.1,2026-06-13 16:44:43+09:00,result
2026-06-13,東京,1,3歳未勝利,09:55発走 / ダ1600m (左) / 天候:晴 / 馬場:重,11,ジューンミレニアム,229.2,0.4,2026-06-13 16:44:43+09:00,result
2026-06-13,東京,1,3歳未勝利,09:55発走 / ダ1600m (左) / 天候:晴 / 馬場:重,12,オウケンサクラコ,83.2,1.2,2026-06-13 16:44:43+09:00,result
2026-06-13,東京,1,3歳未勝利,09:55発走 / ダ1600m (左) / 天候:晴 / 馬場:重,13,ルージュボニート,13.3,7.5,2026-06-13 16:44:43+09:00,result
2026-06-13,東京,1,3歳未勝利,09:55発走 / ダ1600m (左) / 天候:晴 / 馬場:重,14,アイリーノリチャン,146.1,0.7,2026-06-13 16:44:43+09:00,result
2026-06-13,東京,1,3歳未勝利,09:55発走 / ダ1600m (左) / 天候:晴 / 馬場:重,15,ホウオウロレンシア,3.6,27.8,2026-06-13 16:44:43+09:00,result
2026-06-13,東京,1,3歳未勝利,09:55発走 / ダ1600m (左) / 天候:晴 / 馬場:重,16,トランセンコ,20.3,4.9,2026-06-13 16:44:43+09:00,result
2026-06-13,東京,2,3歳未勝利,10:25発走 / 芝2400m (左 C) / 天候:晴 / 馬場:稍,1,キコリータ,29.4,3.4,2026-06-13 16:44:46+09:00,result
2026-06-13,東京,2,3歳未勝利,10:25発走 / 芝2400m (左 C) / 天候:晴 / 馬場:稍,2,オービタルピリオド,52.8,1.9,2026-06-13 16:44:46+09:00,result
2026-06-13,東京,2,3歳未勝利,10:25発走 / 芝2400m (左 C) / 天候:晴 / 馬場:稍,3,ゴールドエンバー,11.9,8.4,2026-06-13 16:44:46+09:00,result
2026-06-13,東京,2,3歳未勝利,10:25発走 / 芝2400m (左 C) / 天候:晴 / 馬場:稍,4,イベリスアマラ,94.6,1.1,2026-06-13 16:44:46+09:00,result
2026-06-13,東京,2,3歳未勝利,10:25発走 / 芝2400m (左 C) / 天候:晴 / 馬場:稍,5,スカイドリーマー,10.8,9.3,2026-06-13 16:44:46+09:00,result
2026-06-13,東京,2,3歳未勝利,10:25発走 / 芝2400m (左 C) / 天候:晴 / 馬場:稍,6,ヴァルカンテソーロ,2.8,35.7,2026-06-13 16:44:46+09:00,result
2026-06-13,東京,2,3歳未勝利,10:25発走 / 芝2400m (左 C) / 天候:晴 / 馬場:稍,7,コンフィグシス,128.2,0.8,2026-06-13 16:44:46+09:00,result
2026-06-13,東京,2,3歳未勝利,10:25発走 / 芝2400m (左 C) / 天候:晴 / 馬場:稍,8,フレキシブル,33.1,3.0,2026-06-13 16:44:46+09:00,result
2026-06-13,東京,2,3歳未勝利,10:25発走 / 芝2400m (左 C) / 天候:晴 / 馬場:稍,9,タイキヴィグルーズ,245.4,0.4,2026-06-13 16:44:46+09:00,result
2026-06-13,東京,2,3歳未勝利,10:25発走 / 芝2400m (左 C) / 天候:晴 / 馬場:稍,10,テンムス,287.0,0.3,2026-06-13 16:44:46+09:00,result
2026-06-13,東京,2,3歳未勝利,10:25発走 / 芝2400m (左 C) / 天候:晴 / 馬場:稍,11,クイーンズレイン,32.6,3.1,2026-06-13 16:44:46+09:00,result
2026-06-13,東京,2,3歳未勝利,10:25発走 / 芝2400m (左 C) / 天候:晴 / 馬場:稍,12,ウインターブレス,6.8,14.7,2026-06-13 16:44:46+09:00,result
2026-06-13,東京,2,3歳未勝利,10:25発走 / 芝2400m (左 C) / 天候:晴 / 馬場:稍,13,レフィノス,209.3,0.5,2026-06-13 16:44:46+09:00,result
2026-06-13,東京,2,3歳未勝利,10:25発走 / 芝2400m (左 C) / 天候:晴 / 馬場:稍,14,アニゴザントス,161.3,0.6,2026-06-13 16:44:46+09:00,result
2026-06-13,東京,2,3歳未勝利,10:25発走 / 芝2400m (左 C) / 天候:晴 / 馬場:稍,15,シェリーシュシュ,22.7,4.4,2026-06-13 16:44:46+09:00,result
2026-06-13,東京,2,3歳未勝利,10:25発走 / 芝2400m (左 C) / 天候:晴 / 馬場:稍,16,カルダモン,4.8,20.8,2026-06-13 16:44:46+09:00,result
2026-06-13,東京,2,3歳未勝利,10:25発走 / 芝2400m (左 C) / 天候:晴 / 馬場:稍,17,ゾネブルーム,5.9,16.9,2026-06-13 16:44:46+09:00,result
2026-06-13,東京,2,3歳未勝利,10:25発走 / 芝2400m (左 C) / 天候:晴 / 馬場:稍,18,レッドリアライズ,128.7,0.8,2026-06-13 16:44:46+09:00,result
2026-06-13,東京,3,3歳未勝利,10:55発走 / ダ1400m (左) / 天候:晴 / 馬場:重,1,アイスアンドスノー,20.4,4.9,2026-06-13 16:44:48+09:00,result
2026-06-13,東京,3,3歳未勝利,10:55発走 / ダ1400m (左) / 天候:晴 / 馬場:重,2,ヤマトスイフト,445.7,0.2,2026-06-13 16:44:48+09:00,result
2026-06-13,東京,3,3歳未勝利,10:55発走 / ダ1400m (左) / 天候:晴 / 馬場:重,3,ルナーファントム,3.9,25.6,2026-06-13 16:44:48+09:00,result
2026-06-13,東京,3,3歳未勝利,10:55発走 / ダ1400m (左) / 天候:晴 / 馬場:重,4,ナムラコハル,231.4,0.4,2026-06-13 16:44:48+09:00,result
2026-06-13,東京,3,3歳未勝利,10:55発走 / ダ1400m (左) / 天候:晴 / 馬場:重,5,フォルナカリア,15.7,6.4,2026-06-13 16:44:48+09:00,result
2026-06-13,東京,3,3歳未勝利,10:55発走 / ダ1400m (左) / 天候:晴 / 馬場:重,6,アルデバローズ,78.7,1.3,2026-06-13 16:44:48+09:00,result
2026-06-13,東京,3,3歳未勝利,10:55発走 / ダ1400m (左) / 天候:晴 / 馬場:重,7,メビウスロマンス,4.0,25.0,2026-06-13 16:44:48+09:00,result
2026-06-13,東京,3,3歳未勝利,10:55発走 / ダ1400m (左) / 天候:晴 / 馬場:重,8,ミリオングローリー,8.6,11.6,2026-06-13 16:44:48+09:00,result
2026-06-13,東京,3,3歳未勝利,10:55発走 / ダ1400m (左) / 天候:晴 / 馬場:重,9,キタノソブリン,398.3,0.3,2026-06-13 16:44:48+09:00,result
2026-06-13,東京,3,3歳未勝利,10:55発走 / ダ1400m (左) / 天候:晴 / 馬場:重,10,エッチェレンテ,6.9,14.5,2026-06-13 16:44:48+09:00,result
2026-06-13,東京,3,3歳未勝利,10:55発走 / ダ1400m (左) / 天候:晴 / 馬場:重,11,アーリマックス,52.7,1.9,2026-06-13 16:44:48+09:00,result
2026-06-13,東京,3,3歳未勝利,10:55発走 / ダ1400m (左) / 天候:晴 / 馬場:重,12,デルマカイモン,38.8,2.6,2026-06-13 16:44:48+09:00,result
2026-06-13,東京,3,3歳未勝利,10:55発走 / ダ1400m (左) / 天候:晴 / 馬場:重,13,メリティス,16.2,6.2,2026-06-13 16:44:48+09:00,result
2026-06-13,東京,3,3歳未勝利,10:55発走 / ダ1400m (左) / 天候:晴 / 馬場:重,14,ハチマン,217.2,0.5,2026-06-13 16:44:48+09:00,result
2026-06-13,東京,3,3歳未勝利,10:55発走 / ダ1400m (左) / 天候:晴 / 馬場:重,15,キリミツ,4.1,24.4,2026-06-13 16:44:48+09:00,result
2026-06-13,東京,3,3歳未勝利,10:55発走 / ダ1400m (左) / 天候:晴 / 馬場:重,16,ブザービーター,238.5,0.4,2026-06-13 16:44:48+09:00,result
2026-06-13,東京,4,東京JS,11:30発走 / 障3110m (芝) / 天候:晴 / 馬場:稍,1,ピーターサイト,8.5,11.8,2026-06-13 16:44:50+09:00,result
2026-06-13,東京,4,東京JS,11:30発走 / 障3110m (芝) / 天候:晴 / 馬場:稍,2,スズカハービン,11.6,8.6,2026-06-13 16:44:50+09:00,result
2026-06-13,東京,4,東京JS,11:30発走 / 障3110m (芝) / 天候:晴 / 馬場:稍,3,ゲインサポート,167.1,0.6,2026-06-13 16:44:50+09:00,result
2026-06-13,東京,4,東京JS,11:30発走 / 障3110m (芝) / 天候:晴 / 馬場:稍,4,ローディアマント,19.8,5.1,2026-06-13 16:44:50+09:00,result
2026-06-13,東京,4,東京JS,11:30発走 / 障3110m (芝) / 天候:晴 / 馬場:稍,5,ジーティーオウジャ,114.2,0.9,2026-06-13 16:44:50+09:00,result
2026-06-13,東京,4,東京JS,11:30発走 / 障3110m (芝) / 天候:晴 / 馬場:稍,6,ブラックボイス,53.7,1.9,2026-06-13 16:44:50+09:00,result
2026-06-13,東京,4,東京JS,11:30発走 / 障3110m (芝) / 天候:晴 / 馬場:稍,7,マオノアラシ,29.2,3.4,2026-06-13 16:44:50+09:00,result
2026-06-13,東京,4,東京JS,11:30発走 / 障3110m (芝) / 天候:晴 / 馬場:稍,8,コレクテイニア,23.0,4.3,2026-06-13 16:44:50+09:00,result
2026-06-13,東京,4,東京JS,11:30発走 / 障3110m (芝) / 天候:晴 / 馬場:稍,9,ジューンベロシティ,1.2,83.3,2026-06-13 16:44:50+09:00,result
2026-06-13,東京,4,東京JS,11:30発走 / 障3110m (芝) / 天候:晴 / 馬場:稍,10,メイショウソムリエ,12.7,7.9,2026-06-13 16:44:50+09:00,result
2026-06-13,東京,5,2歳新馬,12:20発走 / 芝1600m (左 C) / 天候:晴 / 馬場:良,1,コスモハナミズキ,60.2,1.7,2026-06-13 16:44:52+09:00,result
2026-06-13,東京,5,2歳新馬,12:20発走 / 芝1600m (左 C) / 天候:晴 / 馬場:良,2,シャンデヴァーグ,1.3,76.9,2026-06-13 16:44:52+09:00,result
2026-06-13,東京,5,2歳新馬,12:20発走 / 芝1600m (左 C) / 天候:晴 / 馬場:良,3,ハイビスカス,65.5,1.5,2026-06-13 16:44:52+09:00,result
2026-06-13,東京,5,2歳新馬,12:20発走 / 芝1600m (左 C) / 天候:晴 / 馬場:良,4,ブルーグラビティ,21.2,4.7,2026-06-13 16:44:52+09:00,result
2026-06-13,東京,5,2歳新馬,12:20発走 / 芝1600m (左 C) / 天候:晴 / 馬場:良,5,ジーティーキャリー,6.0,16.7,2026-06-13 16:44:52+09:00,result
2026-06-13,東京,5,2歳新馬,12:20発走 / 芝1600m (左 C) / 天候:晴 / 馬場:良,6,ユタライト,3.6,27.8,2026-06-13 16:44:52+09:00,result
2026-06-13,東京,5,2歳新馬,12:20発走 / 芝1600m (左 C) / 天候:晴 / 馬場:良,7,ウスズミザクラ,74.9,1.3,2026-06-13 16:44:52+09:00,result
2026-06-13,東京,6,2歳新馬,12:50発走 / 芝1400m (左 C) / 天候:晴 / 馬場:良,1,ココニイルヨ,76.5,1.3,2026-06-13 16:44:54+09:00,result
2026-06-13,東京,6,2歳新馬,12:50発走 / 芝1400m (左 C) / 天候:晴 / 馬場:良,2,デザートスピリット,24.4,4.1,2026-06-13 16:44:54+09:00,result
2026-06-13,東京,6,2歳新馬,12:50発走 / 芝1400m (左 C) / 天候:晴 / 馬場:良,3,フォーエバーブルー,89.3,1.1,2026-06-13 16:44:54+09:00,result
2026-06-13,東京,6,2歳新馬,12:50発走 / 芝1400m (左 C) / 天候:晴 / 馬場:良,4,ブラボーワン,45.6,2.2,2026-06-13 16:44:54+09:00,result
2026-06-13,東京,6,2歳新馬,12:50発走 / 芝1400m (左 C) / 天候:晴 / 馬場:良,5,エコロナイン,1.6,62.5,2026-06-13 16:44:54+09:00,result
2026-06-13,東京,6,2歳新馬,12:50発走 / 芝1400m (左 C) / 天候:晴 / 馬場:良,6,デミアン,2.9,34.5,2026-06-13 16:44:54+09:00,result
2026-06-13,東京,6,2歳新馬,12:50発走 / 芝1400m (左 C) / 天候:晴 / 馬場:良,7,ノルトハウゼン,5.8,17.2,2026-06-13 16:44:54+09:00,result
2026-06-13,東京,6,2歳新馬,12:50発走 / 芝1400m (左 C) / 天候:晴 / 馬場:良,8,サンレガート,23.3,4.3,2026-06-13 16:44:54+09:00,result
2026-06-13,東京,6,2歳新馬,12:50発走 / 芝1400m (左 C) / 天候:晴 / 馬場:良,9,スノーキャップ,135.0,0.7,2026-06-13 16:44:54+09:00,result
2026-06-13,東京,7,3歳未勝利,13:20発走 / ダ1600m (左) / 天候:晴 / 馬場:稍,1,ブリリアンス,103.2,1.0,2026-06-13 16:44:57+09:00,result
2026-06-13,東京,7,3歳未勝利,13:20発走 / ダ1600m (左) / 天候:晴 / 馬場:稍,2,ジェイエルサーベイ,170.2,0.6,2026-06-13 16:44:57+09:00,result
2026-06-13,東京,7,3歳未勝利,13:20発走 / ダ1600m (左) / 天候:晴 / 馬場:稍,3,ロケットパンチ,10.6,9.4,2026-06-13 16:44:57+09:00,result
2026-06-13,東京,7,3歳未勝利,13:20発走 / ダ1600m (左) / 天候:晴 / 馬場:稍,4,ハデステソーロ,7.2,13.9,2026-06-13 16:44:57+09:00,result
2026-06-13,東京,7,3歳未勝利,13:20発走 / ダ1600m (左) / 天候:晴 / 馬場:稍,5,エイシンジザイテン,184.4,0.5,2026-06-13 16:44:57+09:00,result
2026-06-13,東京,7,3歳未勝利,13:20発走 / ダ1600m (左) / 天候:晴 / 馬場:稍,6,セイクリッドシチー,44.2,2.3,2026-06-13 16:44:57+09:00,result
2026-06-13,東京,7,3歳未勝利,13:20発走 / ダ1600m (左) / 天候:晴 / 馬場:稍,7,イントゥザウインド,14.7,6.8,2026-06-13 16:44:57+09:00,result
2026-06-13,東京,7,3歳未勝利,13:20発走 / ダ1600m (左) / 天候:晴 / 馬場:稍,8,サングラント,6.9,14.5,2026-06-13 16:44:57+09:00,result
2026-06-13,東京,7,3歳未勝利,13:20発走 / ダ1600m (左) / 天候:晴 / 馬場:稍,9,ツインドライヴ,8.4,11.9,2026-06-13 16:44:57+09:00,result
2026-06-13,東京,7,3歳未勝利,13:20発走 / ダ1600m (左) / 天候:晴 / 馬場:稍,10,ハニージョー,2.3,43.5,2026-06-13 16:44:57+09:00,result
2026-06-13,東京,7,3歳未勝利,13:20発走 / ダ1600m (左) / 天候:晴 / 馬場:稍,11,キタノドンカルロ,7.2,13.9,2026-06-13 16:44:57+09:00,result
2026-06-13,東京,7,3歳未勝利,13:20発走 / ダ1600m (左) / 天候:晴 / 馬場:稍,12,オーパパ,20.1,5.0,2026-06-13 16:44:57+09:00,result
2026-06-13,東京,7,3歳未勝利,13:20発走 / ダ1600m (左) / 天候:晴 / 馬場:稍,13,オンザギャラクシー,269.8,0.4,2026-06-13 16:44:57+09:00,result
2026-06-13,東京,7,3歳未勝利,13:20発走 / ダ1600m (左) / 天候:晴 / 馬場:稍,14,ヤマタケボニータ,203.0,0.5,2026-06-13 16:44:57+09:00,result
2026-06-13,東京,7,3歳未勝利,13:20発走 / ダ1600m (左) / 天候:晴 / 馬場:稍,15,ハピナスター,290.2,0.3,2026-06-13 16:44:57+09:00,result
2026-06-13,東京,7,3歳未勝利,13:20発走 / ダ1600m (左) / 天候:晴 / 馬場:稍,16,ブライトラン,64.5,1.6,2026-06-13 16:44:57+09:00,result
2026-06-13,東京,8,3歳以上1勝クラス,13:50発走 / 芝1400m (左 C) / 天候:晴 / 馬場:良,1,インプロペリア,2.5,40.0,2026-06-13 16:44:59+09:00,result
2026-06-13,東京,8,3歳以上1勝クラス,13:50発走 / 芝1400m (左 C) / 天候:晴 / 馬場:良,2,ハッピーラッキー,7.3,13.7,2026-06-13 16:44:59+09:00,result
2026-06-13,東京,8,3歳以上1勝クラス,13:50発走 / 芝1400m (左 C) / 天候:晴 / 馬場:良,3,アルスマグナ,81.4,1.2,2026-06-13 16:44:59+09:00,result
2026-06-13,東京,8,3歳以上1勝クラス,13:50発走 / 芝1400m (左 C) / 天候:晴 / 馬場:良,4,サンダーユニバンス,376.3,0.3,2026-06-13 16:44:59+09:00,result
2026-06-13,東京,8,3歳以上1勝クラス,13:50発走 / 芝1400m (左 C) / 天候:晴 / 馬場:良,5,マルターズドン,78.0,1.3,2026-06-13 16:44:59+09:00,result
2026-06-13,東京,8,3歳以上1勝クラス,13:50発走 / 芝1400m (左 C) / 天候:晴 / 馬場:良,6,ホウオウガイア,80.8,1.2,2026-06-13 16:44:59+09:00,result
2026-06-13,東京,8,3歳以上1勝クラス,13:50発走 / 芝1400m (左 C) / 天候:晴 / 馬場:良,7,ライングッドマン,112.0,0.9,2026-06-13 16:44:59+09:00,result
2026-06-13,東京,8,3歳以上1勝クラス,13:50発走 / 芝1400m (左 C) / 天候:晴 / 馬場:良,8,ヘルモソブレード,89.6,1.1,2026-06-13 16:44:59+09:00,result
2026-06-13,東京,8,3歳以上1勝クラス,13:50発走 / 芝1400m (左 C) / 天候:晴 / 馬場:良,9,グレヴィレア,241.6,0.4,2026-06-13 16:44:59+09:00,result
2026-06-13,東京,8,3歳以上1勝クラス,13:50発走 / 芝1400m (左 C) / 天候:晴 / 馬場:良,10,タイキオーベロン,33.2,3.0,2026-06-13 16:44:59+09:00,result
2026-06-13,東京,8,3歳以上1勝クラス,13:50発走 / 芝1400m (左 C) / 天候:晴 / 馬場:良,11,ラベンダーヘイズ,40.6,2.5,2026-06-13 16:44:59+09:00,result
2026-06-13,東京,8,3歳以上1勝クラス,13:50発走 / 芝1400m (左 C) / 天候:晴 / 馬場:良,12,フェリスチカ,535.9,0.2,2026-06-13 16:44:59+09:00,result
2026-06-13,東京,8,3歳以上1勝クラス,13:50発走 / 芝1400m (左 C) / 天候:晴 / 馬場:良,13,トワニ,3.9,25.6,2026-06-13 16:44:59+09:00,result
2026-06-13,東京,8,3歳以上1勝クラス,13:50発走 / 芝1400m (左 C) / 天候:晴 / 馬場:良,14,シャオママル,8.1,12.3,2026-06-13 16:44:59+09:00,result
2026-06-13,東京,8,3歳以上1勝クラス,13:50発走 / 芝1400m (左 C) / 天候:晴 / 馬場:良,15,ホットゥトロット,24.4,4.1,2026-06-13 16:44:59+09:00,result
2026-06-13,東京,8,3歳以上1勝クラス,13:50発走 / 芝1400m (左 C) / 天候:晴 / 馬場:良,16,シュペルリング,7.8,12.8,2026-06-13 16:44:59+09:00,result
2026-06-13,東京,8,3歳以上1勝クラス,13:50発走 / 芝1400m (左 C) / 天候:晴 / 馬場:良,17,カシオペア,37.8,2.6,2026-06-13 16:44:59+09:00,result
2026-06-13,東京,8,3歳以上1勝クラス,13:50発走 / 芝1400m (左 C) / 天候:晴 / 馬場:良,18,ミスターマーボー,30.2,3.3,2026-06-13 16:44:59+09:00,result
2026-06-13,東京,9,日野特別,14:20発走 / ダ2100m (左) / 天候:晴 / 馬場:稍,1,チムニートップス,142.2,0.7,2026-06-13 16:45:01+09:00,result
2026-06-13,東京,9,日野特別,14:20発走 / ダ2100m (左) / 天候:晴 / 馬場:稍,2,コズミックダンサー,9.4,10.6,2026-06-13 16:45:01+09:00,result
2026-06-13,東京,9,日野特別,14:20発走 / ダ2100m (左) / 天候:晴 / 馬場:稍,3,タッチャブル,300.1,0.3,2026-06-13 16:45:01+09:00,result
2026-06-13,東京,9,日野特別,14:20発走 / ダ2100m (左) / 天候:晴 / 馬場:稍,4,トクシースタローン,69.1,1.4,2026-06-13 16:45:01+09:00,result
2026-06-13,東京,9,日野特別,14:20発走 / ダ2100m (左) / 天候:晴 / 馬場:稍,5,サイモンルモンド,498.6,0.2,2026-06-13 16:45:01+09:00,result
2026-06-13,東京,9,日野特別,14:20発走 / ダ2100m (左) / 天候:晴 / 馬場:稍,6,シゲルカミカゼ,10.2,9.8,2026-06-13 16:45:01+09:00,result
2026-06-13,東京,9,日野特別,14:20発走 / ダ2100m (左) / 天候:晴 / 馬場:稍,7,インペリアルライン,11.5,8.7,2026-06-13 16:45:01+09:00,result
2026-06-13,東京,9,日野特別,14:20発走 / ダ2100m (左) / 天候:晴 / 馬場:稍,8,キャストロププ,70.8,1.4,2026-06-13 16:45:01+09:00,result
2026-06-13,東京,9,日野特別,14:20発走 / ダ2100m (左) / 天候:晴 / 馬場:稍,9,ビービーアジャイル,1.6,62.5,2026-06-13 16:45:01+09:00,result
2026-06-13,東京,9,日野特別,14:20発走 / ダ2100m (左) / 天候:晴 / 馬場:稍,10,トレインザマインド,46.5,2.2,2026-06-13 16:45:01+09:00,result
2026-06-13,東京,9,日野特別,14:20発走 / ダ2100m (左) / 天候:晴 / 馬場:稍,11,タガノマルアフ,129.3,0.8,2026-06-13 16:45:01+09:00,result
2026-06-13,東京,9,日野特別,14:20発走 / ダ2100m (左) / 天候:晴 / 馬場:稍,12,デルマタモン,593.0,0.2,2026-06-13 16:45:01+09:00,result
2026-06-13,東京,9,日野特別,14:20発走 / ダ2100m (左) / 天候:晴 / 馬場:稍,13,セイントエルモズ,13.0,7.7,2026-06-13 16:45:01+09:00,result
2026-06-13,東京,9,日野特別,14:20発走 / ダ2100m (左) / 天候:晴 / 馬場:稍,14,エイカイソウル,4.6,21.7,2026-06-13 16:45:01+09:00,result
2026-06-13,東京,10,夏至S,14:55発走 / ダ1600m (左) / 天候:晴 / 馬場:稍,1,レーウィン,102.6,1.0,2026-06-13 16:45:04+09:00,result
2026-06-13,東京,10,夏至S,14:55発走 / ダ1600m (左) / 天候:晴 / 馬場:稍,2,トクシーカイザー,42.9,2.3,2026-06-13 16:45:04+09:00,result
2026-06-13,東京,10,夏至S,14:55発走 / ダ1600m (左) / 天候:晴 / 馬場:稍,3,ファリーザ,118.9,0.8,2026-06-13 16:45:04+09:00,result
2026-06-13,東京,10,夏至S,14:55発走 / ダ1600m (左) / 天候:晴 / 馬場:稍,4,ヴァンドーム,4.6,21.7,2026-06-13 16:45:04+09:00,result
2026-06-13,東京,10,夏至S,14:55発走 / ダ1600m (左) / 天候:晴 / 馬場:稍,5,エンセリオ,127.8,0.8,2026-06-13 16:45:04+09:00,result
2026-06-13,東京,10,夏至S,14:55発走 / ダ1600m (左) / 天候:晴 / 馬場:稍,6,ラッキーキッド,4.6,21.7,2026-06-13 16:45:04+09:00,result
2026-06-13,東京,10,夏至S,14:55発走 / ダ1600m (左) / 天候:晴 / 馬場:稍,7,キョウエイフロイデ,9.9,10.1,2026-06-13 16:45:04+09:00,result
2026-06-13,東京,10,夏至S,14:55発走 / ダ1600m (左) / 天候:晴 / 馬場:稍,8,ルヴァレドクール,6.1,16.4,2026-06-13 16:45:04+09:00,result
2026-06-13,東京,10,夏至S,14:55発走 / ダ1600m (左) / 天候:晴 / 馬場:稍,9,ルフトクス,125.2,0.8,2026-06-13 16:45:04+09:00,result
2026-06-13,東京,10,夏至S,14:55発走 / ダ1600m (左) / 天候:晴 / 馬場:稍,10,ルグランヴァン,3.1,32.3,2026-06-13 16:45:04+09:00,result
2026-06-13,東京,10,夏至S,14:55発走 / ダ1600m (左) / 天候:晴 / 馬場:稍,11,リネアグローリア,120.6,0.8,2026-06-13 16:45:04+09:00,result
2026-06-13,東京,10,夏至S,14:55発走 / ダ1600m (左) / 天候:晴 / 馬場:稍,12,キャピタルサックス,19.3,5.2,2026-06-13 16:45:04+09:00,result
2026-06-13,東京,10,夏至S,14:55発走 / ダ1600m (左) / 天候:晴 / 馬場:稍,13,フルオール,20.8,4.8,2026-06-13 16:45:04+09:00,result
2026-06-13,東京,10,夏至S,14:55発走 / ダ1600m (左) / 天候:晴 / 馬場:稍,14,コブラ,66.0,1.5,2026-06-13 16:45:04+09:00,result
2026-06-13,東京,10,夏至S,14:55発走 / ダ1600m (左) / 天候:晴 / 馬場:稍,15,トルショー,28.1,3.6,2026-06-13 16:45:04+09:00,result
2026-06-13,東京,10,夏至S,14:55発走 / ダ1600m (左) / 天候:晴 / 馬場:稍,16,メイショウフウドウ,64.2,1.6,2026-06-13 16:45:04+09:00,result
2026-06-13,東京,11,ジューンS,15:30発走 / 芝1800m (左 C) / 天候:晴 / 馬場:良,1,レガーロデルシエロ,5.7,17.5,2026-06-13 16:45:06+09:00,result
2026-06-13,東京,11,ジューンS,15:30発走 / 芝1800m (左 C) / 天候:晴 / 馬場:良,2,タシット,120.3,0.8,2026-06-13 16:45:06+09:00,result
2026-06-13,東京,11,ジューンS,15:30発走 / 芝1800m (左 C) / 天候:晴 / 馬場:良,3,カネラフィーナ,5.1,19.6,2026-06-13 16:45:06+09:00,result
2026-06-13,東京,11,ジューンS,15:30発走 / 芝1800m (左 C) / 天候:晴 / 馬場:良,4,リラエンブレム,9.0,11.1,2026-06-13 16:45:06+09:00,result
2026-06-13,東京,11,ジューンS,15:30発走 / 芝1800m (左 C) / 天候:晴 / 馬場:良,5,ナムラエイハブ,10.9,9.2,2026-06-13 16:45:06+09:00,result
2026-06-13,東京,11,ジューンS,15:30発走 / 芝1800m (左 C) / 天候:晴 / 馬場:良,6,メリオーレム,26.7,3.7,2026-06-13 16:45:06+09:00,result
2026-06-13,東京,11,ジューンS,15:30発走 / 芝1800m (左 C) / 天候:晴 / 馬場:良,7,コントラポスト,20.1,5.0,2026-06-13 16:45:06+09:00,result
2026-06-13,東京,11,ジューンS,15:30発走 / 芝1800m (左 C) / 天候:晴 / 馬場:良,8,バレエマスター,46.7,2.1,2026-06-13 16:45:06+09:00,result
2026-06-13,東京,11,ジューンS,15:30発走 / 芝1800m (左 C) / 天候:晴 / 馬場:良,9,ダノンエアズロック,3.7,27.0,2026-06-13 16:45:06+09:00,result
2026-06-13,東京,11,ジューンS,15:30発走 / 芝1800m (左 C) / 天候:晴 / 馬場:良,10,ディマイザキッド,4.9,20.4,2026-06-13 16:45:06+09:00,result
2026-06-13,東京,11,ジューンS,15:30発走 / 芝1800m (左 C) / 天候:晴 / 馬場:良,11,トーセンリョウ,13.2,7.6,2026-06-13 16:45:06+09:00,result
2026-06-13,東京,11,ジューンS,15:30発走 / 芝1800m (左 C) / 天候:晴 / 馬場:良,12,ヤマニンサンパ,87.9,1.1,2026-06-13 16:45:06+09:00,result
2026-06-13,東京,11,ジューンS,15:30発走 / 芝1800m (左 C) / 天候:晴 / 馬場:良,13,マルチャン,241.6,0.4,2026-06-13 16:45:06+09:00,result
2026-06-13,東京,12,3歳以上1勝クラス,16:15発走 / ダ1400m (左) / 天候:晴 / 馬場:稍,1,ドルンレースツェン,160.9,0.6,2026-06-13 16:45:08+09:00,result
2026-06-13,東京,12,3歳以上1勝クラス,16:15発走 / ダ1400m (左) / 天候:晴 / 馬場:稍,2,グルーヴィーオン,29.3,3.4,2026-06-13 16:45:08+09:00,result
2026-06-13,東京,12,3歳以上1勝クラス,16:15発走 / ダ1400m (左) / 天候:晴 / 馬場:稍,3,ラインジーク,3.6,27.8,2026-06-13 16:45:08+09:00,result
2026-06-13,東京,12,3歳以上1勝クラス,16:15発走 / ダ1400m (左) / 天候:晴 / 馬場:稍,4,アルマーレシチー,93.8,1.1,2026-06-13 16:45:08+09:00,result
2026-06-13,東京,12,3歳以上1勝クラス,16:15発走 / ダ1400m (左) / 天候:晴 / 馬場:稍,5,ジェイエルキャリア,30.4,3.3,2026-06-13 16:45:08+09:00,result
2026-06-13,東京,12,3歳以上1勝クラス,16:15発走 / ダ1400m (左) / 天候:晴 / 馬場:稍,6,ブリングライト,32.5,3.1,2026-06-13 16:45:08+09:00,result
2026-06-13,東京,12,3歳以上1勝クラス,16:15発走 / ダ1400m (左) / 天候:晴 / 馬場:稍,7,ヴァルボナ,129.0,0.8,2026-06-13 16:45:08+09:00,result
2026-06-13,東京,12,3歳以上1勝クラス,16:15発走 / ダ1400m (左) / 天候:晴 / 馬場:稍,8,スタームーンナイト,4.5,22.2,2026-06-13 16:45:08+09:00,result
2026-06-13,東京,12,3歳以上1勝クラス,16:15発走 / ダ1400m (左) / 天候:晴 / 馬場:稍,9,ペイトー,56.7,1.8,2026-06-13 16:45:08+09:00,result
2026-06-13,東京,12,3歳以上1勝クラス,16:15発走 / ダ1400m (左) / 天候:晴 / 馬場:稍,10,ゴーゴーパンチ,9.1,11.0,2026-06-13 16:45:08+09:00,result
2026-06-13,東京,12,3歳以上1勝クラス,16:15発走 / ダ1400m (左) / 天候:晴 / 馬場:稍,11,アヴァランチ,19.0,5.3,2026-06-13 16:45:08+09:00,result
2026-06-13,東京,12,3歳以上1勝クラス,16:15発走 / ダ1400m (左) / 天候:晴 / 馬場:稍,12,ニシノヴィヴィ,206.0,0.5,2026-06-13 16:45:08+09:00,result
2026-06-13,東京,12,3歳以上1勝クラス,16:15発走 / ダ1400m (左) / 天候:晴 / 馬場:稍,13,エジプシャンマウ,6.1,16.4,2026-06-13 16:45:08+09:00,result
2026-06-13,東京,12,3歳以上1勝クラス,16:15発走 / ダ1400m (左) / 天候:晴 / 馬場:稍,14,ブラックトルネード,539.1,0.2,2026-06-13 16:45:08+09:00,result
2026-06-13,東京,12,3歳以上1勝クラス,16:15発走 / ダ1400m (左) / 天候:晴 / 馬場:稍,15,ライヴレッドアイ,6.9,14.5,2026-06-13 16:45:08+09:00,result
2026-06-13,東京,12,3歳以上1勝クラス,16:15発走 / ダ1400m (左) / 天候:晴 / 馬場:稍,16,スーパーガール,6.9,14.5,2026-06-13 16:45:08+09:00,result
2026-06-13,阪神,1,3歳未勝利,09:45発走 / ダ1200m (右) / 天候:晴 / 馬場:良,1,ガルディエンヌ,8.7,11.5,2026-06-13 16:45:33+09:00,result
2026-06-13,阪神,1,3歳未勝利,09:45発走 / ダ1200m (右) / 天候:晴 / 馬場:良,2,テイケイウェリナ,355.8,0.3,2026-06-13 16:45:33+09:00,result
2026-06-13,阪神,1,3歳未勝利,09:45発走 / ダ1200m (右) / 天候:晴 / 馬場:良,3,ジュディーイメル,2.5,40.0,2026-06-13 16:45:33+09:00,result
2026-06-13,阪神,1,3歳未勝利,09:45発走 / ダ1200m (右) / 天候:晴 / 馬場:良,4,ファイアプレイス,203.6,0.5,2026-06-13 16:45:33+09:00,result
2026-06-13,阪神,1,3歳未勝利,09:45発走 / ダ1200m (右) / 天候:晴 / 馬場:良,5,プレデンシア,10.4,9.6,2026-06-13 16:45:33+09:00,result
2026-06-13,阪神,1,3歳未勝利,09:45発走 / ダ1200m (右) / 天候:晴 / 馬場:良,6,ワイドポティロン,42.2,2.4,2026-06-13 16:45:33+09:00,result
2026-06-13,阪神,1,3歳未勝利,09:45発走 / ダ1200m (右) / 天候:晴 / 馬場:良,7,ショウナンタマユラ,12.2,8.2,2026-06-13 16:45:33+09:00,result
2026-06-13,阪神,1,3歳未勝利,09:45発走 / ダ1200m (右) / 天候:晴 / 馬場:良,8,リトゥリア,96.0,1.0,2026-06-13 16:45:33+09:00,result
2026-06-13,阪神,1,3歳未勝利,09:45発走 / ダ1200m (右) / 天候:晴 / 馬場:良,9,アスターシャウルス,512.0,0.2,2026-06-13 16:45:33+09:00,result
2026-06-13,阪神,1,3歳未勝利,09:45発走 / ダ1200m (右) / 天候:晴 / 馬場:良,10,エバイダンス,4.4,22.7,2026-06-13 16:45:33+09:00,result
2026-06-13,阪神,1,3歳未勝利,09:45発走 / ダ1200m (右) / 天候:晴 / 馬場:良,11,メリオルヴィア,16.8,6.0,2026-06-13 16:45:33+09:00,result
2026-06-13,阪神,1,3歳未勝利,09:45発走 / ダ1200m (右) / 天候:晴 / 馬場:良,12,スマイリングスカイ,202.9,0.5,2026-06-13 16:45:33+09:00,result
2026-06-13,阪神,1,3歳未勝利,09:45発走 / ダ1200m (右) / 天候:晴 / 馬場:良,13,リトセア,35.2,2.8,2026-06-13 16:45:33+09:00,result
2026-06-13,阪神,1,3歳未勝利,09:45発走 / ダ1200m (右) / 天候:晴 / 馬場:良,14,フィアスゲイル,63.5,1.6,2026-06-13 16:45:33+09:00,result
2026-06-13,阪神,1,3歳未勝利,09:45発走 / ダ1200m (右) / 天候:晴 / 馬場:良,15,エイユーサクラ,5.1,19.6,2026-06-13 16:45:33+09:00,result
2026-06-13,阪神,1,3歳未勝利,09:45発走 / ダ1200m (右) / 天候:晴 / 馬場:良,16,ビーチボール,266.0,0.4,2026-06-13 16:45:33+09:00,result
2026-06-13,阪神,2,3歳未勝利,10:15発走 / ダ2000m (右) / 天候:晴 / 馬場:良,1,アメリカンサクラ,151.3,0.7,2026-06-13 16:45:35+09:00,result
2026-06-13,阪神,2,3歳未勝利,10:15発走 / ダ2000m (右) / 天候:晴 / 馬場:良,2,タニセンゴールド,18.3,5.5,2026-06-13 16:45:35+09:00,result
2026-06-13,阪神,2,3歳未勝利,10:15発走 / ダ2000m (右) / 天候:晴 / 馬場:良,3,マイカラー,35.0,2.9,2026-06-13 16:45:35+09:00,result
2026-06-13,阪神,2,3歳未勝利,10:15発走 / ダ2000m (右) / 天候:晴 / 馬場:良,4,クボウサマ,178.7,0.6,2026-06-13 16:45:35+09:00,result
2026-06-13,阪神,2,3歳未勝利,10:15発走 / ダ2000m (右) / 天候:晴 / 馬場:良,5,レジェルテ,40.0,2.5,2026-06-13 16:45:35+09:00,result
2026-06-13,阪神,2,3歳未勝利,10:15発走 / ダ2000m (右) / 天候:晴 / 馬場:良,6,ピエナオルカ,2.8,35.7,2026-06-13 16:45:35+09:00,result
2026-06-13,阪神,2,3歳未勝利,10:15発走 / ダ2000m (右) / 天候:晴 / 馬場:良,7,ラスカルキッド,472.9,0.2,2026-06-13 16:45:35+09:00,result
2026-06-13,阪神,2,3歳未勝利,10:15発走 / ダ2000m (右) / 天候:晴 / 馬場:良,8,レディトゥフライト,59.8,1.7,2026-06-13 16:45:35+09:00,result
2026-06-13,阪神,2,3歳未勝利,10:15発走 / ダ2000m (右) / 天候:晴 / 馬場:良,9,サンライズアーサー,204.0,0.5,2026-06-13 16:45:35+09:00,result
2026-06-13,阪神,2,3歳未勝利,10:15発走 / ダ2000m (右) / 天候:晴 / 馬場:良,10,メイショウジンライ,2.4,41.7,2026-06-13 16:45:35+09:00,result
2026-06-13,阪神,2,3歳未勝利,10:15発走 / ダ2000m (右) / 天候:晴 / 馬場:良,11,ジーティースティア,244.8,0.4,2026-06-13 16:45:35+09:00,result
2026-06-13,阪神,2,3歳未勝利,10:15発走 / ダ2000m (右) / 天候:晴 / 馬場:良,12,ラヴィアンコール,8.9,11.2,2026-06-13 16:45:35+09:00,result
2026-06-13,阪神,2,3歳未勝利,10:15発走 / ダ2000m (右) / 天候:晴 / 馬場:良,13,キタノハイテイル,274.8,0.4,2026-06-13 16:45:35+09:00,result
2026-06-13,阪神,2,3歳未勝利,10:15発走 / ダ2000m (右) / 天候:晴 / 馬場:良,14,クリノリキオー,16.6,6.0,2026-06-13 16:45:35+09:00,result
2026-06-13,阪神,2,3歳未勝利,10:15発走 / ダ2000m (右) / 天候:晴 / 馬場:良,15,サトノトリニティ,105.0,1.0,2026-06-13 16:45:35+09:00,result
2026-06-13,阪神,2,3歳未勝利,10:15発走 / ダ2000m (右) / 天候:晴 / 馬場:良,16,マテンロウアワー,6.6,15.2,2026-06-13 16:45:35+09:00,result
2026-06-13,阪神,3,3歳未勝利,10:45発走 / 芝1600m (右 外 B) / 天候:晴 / 馬場:良,1,ホワイトフレイムス,6.5,15.4,2026-06-13 16:45:37+09:00,result
2026-06-13,阪神,3,3歳未勝利,10:45発走 / 芝1600m (右 外 B) / 天候:晴 / 馬場:良,2,ルージュプルーヴ,45.9,2.2,2026-06-13 16:45:37+09:00,result
2026-06-13,阪神,3,3歳未勝利,10:45発走 / 芝1600m (右 外 B) / 天候:晴 / 馬場:良,3,ジャスティンカレラ,421.7,0.2,2026-06-13 16:45:37+09:00,result
2026-06-13,阪神,3,3歳未勝利,10:45発走 / 芝1600m (右 外 B) / 天候:晴 / 馬場:良,4,レヴヴィ,256.7,0.4,2026-06-13 16:45:37+09:00,result
2026-06-13,阪神,3,3歳未勝利,10:45発走 / 芝1600m (右 外 B) / 天候:晴 / 馬場:良,5,ララディアーブル,5.1,19.6,2026-06-13 16:45:37+09:00,result
2026-06-13,阪神,3,3歳未勝利,10:45発走 / 芝1600m (右 外 B) / 天候:晴 / 馬場:良,6,ティグリス,19.7,5.1,2026-06-13 16:45:37+09:00,result
2026-06-13,阪神,3,3歳未勝利,10:45発走 / 芝1600m (右 外 B) / 天候:晴 / 馬場:良,7,ウインラブソング,427.0,0.2,2026-06-13 16:45:37+09:00,result
2026-06-13,阪神,3,3歳未勝利,10:45発走 / 芝1600m (右 外 B) / 天候:晴 / 馬場:良,8,ブランチアウト,8.3,12.0,2026-06-13 16:45:37+09:00,result
2026-06-13,阪神,3,3歳未勝利,10:45発走 / 芝1600m (右 外 B) / 天候:晴 / 馬場:良,9,フェブリノ,130.3,0.8,2026-06-13 16:45:37+09:00,result
2026-06-13,阪神,3,3歳未勝利,10:45発走 / 芝1600m (右 外 B) / 天候:晴 / 馬場:良,10,フェルギナス,3.2,31.2,2026-06-13 16:45:37+09:00,result
2026-06-13,阪神,3,3歳未勝利,10:45発走 / 芝1600m (右 外 B) / 天候:晴 / 馬場:良,11,グランブーケ,82.1,1.2,2026-06-13 16:45:37+09:00,result
2026-06-13,阪神,3,3歳未勝利,10:45発走 / 芝1600m (右 外 B) / 天候:晴 / 馬場:良,12,ボールドペイト,374.7,0.3,2026-06-13 16:45:37+09:00,result
2026-06-13,阪神,3,3歳未勝利,10:45発走 / 芝1600m (右 外 B) / 天候:晴 / 馬場:良,13,イーグルチョイス,214.2,0.5,2026-06-13 16:45:37+09:00,result
2026-06-13,阪神,3,3歳未勝利,10:45発走 / 芝1600m (右 外 B) / 天候:晴 / 馬場:良,14,カステッロトゥーレ,19.4,5.2,2026-06-13 16:45:37+09:00,result
2026-06-13,阪神,3,3歳未勝利,10:45発走 / 芝1600m (右 外 B) / 天候:晴 / 馬場:良,15,シャマレル,381.2,0.3,2026-06-13 16:45:37+09:00,result
2026-06-13,阪神,3,3歳未勝利,10:45発走 / 芝1600m (右 外 B) / 天候:晴 / 馬場:良,16,リン,6.1,16.4,2026-06-13 16:45:37+09:00,result
2026-06-13,阪神,3,3歳未勝利,10:45発走 / 芝1600m (右 外 B) / 天候:晴 / 馬場:良,17,オメガヒストリー,6.8,14.7,2026-06-13 16:45:37+09:00,result
2026-06-13,阪神,3,3歳未勝利,10:45発走 / 芝1600m (右 外 B) / 天候:晴 / 馬場:良,18,カヴァティーナ,370.6,0.3,2026-06-13 16:45:37+09:00,result
2026-06-13,阪神,4,3歳未勝利,11:20発走 / 芝1800m (右 外 B) / 天候:晴 / 馬場:良,1,カデナボニータ,38.3,2.6,2026-06-13 16:45:40+09:00,result
2026-06-13,阪神,4,3歳未勝利,11:20発走 / 芝1800m (右 外 B) / 天候:晴 / 馬場:良,2,ヒロウッドテール,153.7,0.7,2026-06-13 16:45:40+09:00,result
2026-06-13,阪神,4,3歳未勝利,11:20発走 / 芝1800m (右 外 B) / 天候:晴 / 馬場:良,3,レッドフレーザー,23.9,4.2,2026-06-13 16:45:40+09:00,result
2026-06-13,阪神,4,3歳未勝利,11:20発走 / 芝1800m (右 外 B) / 天候:晴 / 馬場:良,4,ファランギーナ,15.7,6.4,2026-06-13 16:45:40+09:00,result
2026-06-13,阪神,4,3歳未勝利,11:20発走 / 芝1800m (右 外 B) / 天候:晴 / 馬場:良,5,ジーティーウタマロ,9.1,11.0,2026-06-13 16:45:40+09:00,result
2026-06-13,阪神,4,3歳未勝利,11:20発走 / 芝1800m (右 外 B) / 天候:晴 / 馬場:良,6,マルカアルバ,311.6,0.3,2026-06-13 16:45:40+09:00,result
2026-06-13,阪神,4,3歳未勝利,11:20発走 / 芝1800m (右 外 B) / 天候:晴 / 馬場:良,7,ラパンドール,2.6,38.5,2026-06-13 16:45:40+09:00,result
2026-06-13,阪神,4,3歳未勝利,11:20発走 / 芝1800m (右 外 B) / 天候:晴 / 馬場:良,8,レッドブライトン,4.6,21.7,2026-06-13 16:45:40+09:00,result
2026-06-13,阪神,4,3歳未勝利,11:20発走 / 芝1800m (右 外 B) / 天候:晴 / 馬場:良,9,フィールライクユー,103.0,1.0,2026-06-13 16:45:40+09:00,result
2026-06-13,阪神,4,3歳未勝利,11:20発走 / 芝1800m (右 外 B) / 天候:晴 / 馬場:良,10,エイシンリーガル,134.1,0.7,2026-06-13 16:45:40+09:00,result
2026-06-13,阪神,4,3歳未勝利,11:20発走 / 芝1800m (右 外 B) / 天候:晴 / 馬場:良,11,メイショウタカネ,137.6,0.7,2026-06-13 16:45:40+09:00,result
2026-06-13,阪神,4,3歳未勝利,11:20発走 / 芝1800m (右 外 B) / 天候:晴 / 馬場:良,12,ダイヤモンドエルザ,225.9,0.4,2026-06-13 16:45:40+09:00,result
2026-06-13,阪神,4,3歳未勝利,11:20発走 / 芝1800m (右 外 B) / 天候:晴 / 馬場:良,13,タイムレスフレアー,7.1,14.1,2026-06-13 16:45:40+09:00,result
2026-06-13,阪神,4,3歳未勝利,11:20発走 / 芝1800m (右 外 B) / 天候:晴 / 馬場:良,14,スタークラウン,5.7,17.5,2026-06-13 16:45:40+09:00,result
2026-06-13,阪神,4,3歳未勝利,11:20発走 / 芝1800m (右 外 B) / 天候:晴 / 馬場:良,15,アイルドゥレーヴェ,17.4,5.7,2026-06-13 16:45:40+09:00,result
2026-06-13,阪神,4,3歳未勝利,11:20発走 / 芝1800m (右 外 B) / 天候:晴 / 馬場:良,16,レフティサーリ,141.1,0.7,2026-06-13 16:45:40+09:00,result
2026-06-13,阪神,5,2歳新馬,12:10発走 / 芝1200m (右 B) / 天候:晴 / 馬場:良,1,ルフトブリュッケ,61.6,1.6,2026-06-13 16:45:42+09:00,result
2026-06-13,阪神,5,2歳新馬,12:10発走 / 芝1200m (右 B) / 天候:晴 / 馬場:良,2,メアグローリア,2.6,38.5,2026-06-13 16:45:42+09:00,result
2026-06-13,阪神,5,2歳新馬,12:10発走 / 芝1200m (右 B) / 天候:晴 / 馬場:良,3,スマートメモリー,77.1,1.3,2026-06-13 16:45:42+09:00,result
2026-06-13,阪神,5,2歳新馬,12:10発走 / 芝1200m (右 B) / 天候:晴 / 馬場:良,4,アセンシオン,4.7,21.3,2026-06-13 16:45:42+09:00,result
2026-06-13,阪神,5,2歳新馬,12:10発走 / 芝1200m (右 B) / 天候:晴 / 馬場:良,5,カレンハウ,22.2,4.5,2026-06-13 16:45:42+09:00,result
2026-06-13,阪神,5,2歳新馬,12:10発走 / 芝1200m (右 B) / 天候:晴 / 馬場:良,6,ロンドンガーズ,2.6,38.5,2026-06-13 16:45:42+09:00,result
2026-06-13,阪神,5,2歳新馬,12:10発走 / 芝1200m (右 B) / 天候:晴 / 馬場:良,7,ユイリノベーション,156.3,0.6,2026-06-13 16:45:42+09:00,result
2026-06-13,阪神,5,2歳新馬,12:10発走 / 芝1200m (右 B) / 天候:晴 / 馬場:良,8,ラホーヤアイズ,20.5,4.9,2026-06-13 16:45:42+09:00,result
2026-06-13,阪神,5,2歳新馬,12:10発走 / 芝1200m (右 B) / 天候:晴 / 馬場:良,9,ニドヅケキンシ,21.3,4.7,2026-06-13 16:45:42+09:00,result
2026-06-13,阪神,5,2歳新馬,12:10発走 / 芝1200m (右 B) / 天候:晴 / 馬場:良,10,ナポリ,90.0,1.1,2026-06-13 16:45:42+09:00,result
2026-06-13,阪神,5,2歳新馬,12:10発走 / 芝1200m (右 B) / 天候:晴 / 馬場:良,11,アイファーラピッド,10.5,9.5,2026-06-13 16:45:42+09:00,result
2026-06-13,阪神,6,2歳新馬,12:40発走 / ダ1400m (右) / 天候:晴 / 馬場:良,1,クロリス,7.9,12.7,2026-06-13 16:45:44+09:00,result
2026-06-13,阪神,6,2歳新馬,12:40発走 / ダ1400m (右) / 天候:晴 / 馬場:良,2,ペプチドニンバス,37.1,2.7,2026-06-13 16:45:44+09:00,result
2026-06-13,阪神,6,2歳新馬,12:40発走 / ダ1400m (右) / 天候:晴 / 馬場:良,3,バミューダブーケ,47.2,2.1,2026-06-13 16:45:44+09:00,result
2026-06-13,阪神,6,2歳新馬,12:40発走 / ダ1400m (右) / 天候:晴 / 馬場:良,4,タマコイファルコン,61.9,1.6,2026-06-13 16:45:44+09:00,result
2026-06-13,阪神,6,2歳新馬,12:40発走 / ダ1400m (右) / 天候:晴 / 馬場:良,5,ウンディーネ,4.1,24.4,2026-06-13 16:45:44+09:00,result
2026-06-13,阪神,6,2歳新馬,12:40発走 / ダ1400m (右) / 天候:晴 / 馬場:良,6,ルガルデ,9.9,10.1,2026-06-13 16:45:44+09:00,result
2026-06-13,阪神,6,2歳新馬,12:40発走 / ダ1400m (右) / 天候:晴 / 馬場:良,7,ヨッシーフレアー,23.4,4.3,2026-06-13 16:45:44+09:00,result
2026-06-13,阪神,6,2歳新馬,12:40発走 / ダ1400m (右) / 天候:晴 / 馬場:良,8,ヴィルダースヴィル,3.4,29.4,2026-06-13 16:45:44+09:00,result
2026-06-13,阪神,6,2歳新馬,12:40発走 / ダ1400m (右) / 天候:晴 / 馬場:良,9,ナオミガサイキョウ,17.1,5.8,2026-06-13 16:45:44+09:00,result
2026-06-13,阪神,6,2歳新馬,12:40発走 / ダ1400m (右) / 天候:晴 / 馬場:良,10,ヘスティア,56.9,1.8,2026-06-13 16:45:44+09:00,result
2026-06-13,阪神,6,2歳新馬,12:40発走 / ダ1400m (右) / 天候:晴 / 馬場:良,11,ディーヴァレギオン,5.5,18.2,2026-06-13 16:45:44+09:00,result
2026-06-13,阪神,6,2歳新馬,12:40発走 / ダ1400m (右) / 天候:晴 / 馬場:良,12,アイゼンフォルク,14.6,6.8,2026-06-13 16:45:44+09:00,result
2026-06-13,阪神,6,2歳新馬,12:40発走 / ダ1400m (右) / 天候:晴 / 馬場:良,13,ラブシンフォニー,16.0,6.2,2026-06-13 16:45:44+09:00,result
2026-06-13,阪神,7,3歳以上1勝クラス,13:10発走 / ダ1800m (右) / 天候:晴 / 馬場:良,1,ゲタリア,46.0,2.2,2026-06-13 16:45:46+09:00,result
2026-06-13,阪神,7,3歳以上1勝クラス,13:10発走 / ダ1800m (右) / 天候:晴 / 馬場:良,2,ジュンドラドラ,4.7,21.3,2026-06-13 16:45:46+09:00,result
2026-06-13,阪神,7,3歳以上1勝クラス,13:10発走 / ダ1800m (右) / 天候:晴 / 馬場:良,3,フランキーバローズ,7.8,12.8,2026-06-13 16:45:46+09:00,result
2026-06-13,阪神,7,3歳以上1勝クラス,13:10発走 / ダ1800m (右) / 天候:晴 / 馬場:良,4,サンライズオスカー,199.9,0.5,2026-06-13 16:45:46+09:00,result
2026-06-13,阪神,7,3歳以上1勝クラス,13:10発走 / ダ1800m (右) / 天候:晴 / 馬場:良,5,ダンツシタン,14.1,7.1,2026-06-13 16:45:46+09:00,result
2026-06-13,阪神,7,3歳以上1勝クラス,13:10発走 / ダ1800m (右) / 天候:晴 / 馬場:良,6,アミラル,204.4,0.5,2026-06-13 16:45:46+09:00,result
2026-06-13,阪神,7,3歳以上1勝クラス,13:10発走 / ダ1800m (右) / 天候:晴 / 馬場:良,7,メイショウカスガイ,119.5,0.8,2026-06-13 16:45:46+09:00,result
2026-06-13,阪神,7,3歳以上1勝クラス,13:10発走 / ダ1800m (右) / 天候:晴 / 馬場:良,8,スリーラーケン,231.8,0.4,2026-06-13 16:45:46+09:00,result
2026-06-13,阪神,7,3歳以上1勝クラス,13:10発走 / ダ1800m (右) / 天候:晴 / 馬場:良,9,システマソラー,2.5,40.0,2026-06-13 16:45:46+09:00,result
2026-06-13,阪神,7,3歳以上1勝クラス,13:10発走 / ダ1800m (右) / 天候:晴 / 馬場:良,10,ブリオメンテ,22.2,4.5,2026-06-13 16:45:46+09:00,result
2026-06-13,阪神,7,3歳以上1勝クラス,13:10発走 / ダ1800m (右) / 天候:晴 / 馬場:良,11,エイユーファイヤー,70.6,1.4,2026-06-13 16:45:46+09:00,result
2026-06-13,阪神,7,3歳以上1勝クラス,13:10発走 / ダ1800m (右) / 天候:晴 / 馬場:良,12,フィサブロス,55.3,1.8,2026-06-13 16:45:46+09:00,result
2026-06-13,阪神,7,3歳以上1勝クラス,13:10発走 / ダ1800m (右) / 天候:晴 / 馬場:良,13,リヒトミューレ,13.3,7.5,2026-06-13 16:45:46+09:00,result
2026-06-13,阪神,7,3歳以上1勝クラス,13:10発走 / ダ1800m (右) / 天候:晴 / 馬場:良,14,エドウィンナルコ,33.8,3.0,2026-06-13 16:45:46+09:00,result
2026-06-13,阪神,7,3歳以上1勝クラス,13:10発走 / ダ1800m (右) / 天候:晴 / 馬場:良,15,スカイストライプス,4.8,20.8,2026-06-13 16:45:46+09:00,result
2026-06-13,阪神,7,3歳以上1勝クラス,13:10発走 / ダ1800m (右) / 天候:晴 / 馬場:良,16,ディニテ,74.5,1.3,2026-06-13 16:45:46+09:00,result
2026-06-13,阪神,8,3歳以上1勝クラス,13:40発走 / 芝1600m (右 外 B) / 天候:晴 / 馬場:良,1,グランドオーパス,4.5,22.2,2026-06-13 16:45:48+09:00,result
2026-06-13,阪神,8,3歳以上1勝クラス,13:40発走 / 芝1600m (右 外 B) / 天候:晴 / 馬場:良,2,ウォーターエアリー,30.5,3.3,2026-06-13 16:45:48+09:00,result
2026-06-13,阪神,8,3歳以上1勝クラス,13:40発走 / 芝1600m (右 外 B) / 天候:晴 / 馬場:良,3,テレプシコーラ,122.8,0.8,2026-06-13 16:45:48+09:00,result
2026-06-13,阪神,8,3歳以上1勝クラス,13:40発走 / 芝1600m (右 外 B) / 天候:晴 / 馬場:良,4,オリーボーレン,69.3,1.4,2026-06-13 16:45:48+09:00,result
2026-06-13,阪神,8,3歳以上1勝クラス,13:40発走 / 芝1600m (右 外 B) / 天候:晴 / 馬場:良,5,ピエタンツァ,36.9,2.7,2026-06-13 16:45:48+09:00,result
2026-06-13,阪神,8,3歳以上1勝クラス,13:40発走 / 芝1600m (右 外 B) / 天候:晴 / 馬場:良,6,アイニードユー,1.5,66.7,2026-06-13 16:45:48+09:00,result
2026-06-13,阪神,8,3歳以上1勝クラス,13:40発走 / 芝1600m (右 外 B) / 天候:晴 / 馬場:良,7,シャンパンライフ,11.8,8.5,2026-06-13 16:45:48+09:00,result
2026-06-13,阪神,8,3歳以上1勝クラス,13:40発走 / 芝1600m (右 外 B) / 天候:晴 / 馬場:良,8,バースデイフライト,13.4,7.5,2026-06-13 16:45:48+09:00,result
2026-06-13,阪神,8,3歳以上1勝クラス,13:40発走 / 芝1600m (右 外 B) / 天候:晴 / 馬場:良,9,ベルサンローラン,33.9,2.9,2026-06-13 16:45:48+09:00,result
2026-06-13,阪神,8,3歳以上1勝クラス,13:40発走 / 芝1600m (右 外 B) / 天候:晴 / 馬場:良,10,ポペット,55.5,1.8,2026-06-13 16:45:48+09:00,result
2026-06-13,阪神,8,3歳以上1勝クラス,13:40発走 / 芝1600m (右 外 B) / 天候:晴 / 馬場:良,11,ミティリーニ,202.7,0.5,2026-06-13 16:45:48+09:00,result
2026-06-13,阪神,8,3歳以上1勝クラス,13:40発走 / 芝1600m (右 外 B) / 天候:晴 / 馬場:良,12,チリーゴールド,336.3,0.3,2026-06-13 16:45:48+09:00,result
2026-06-13,阪神,8,3歳以上1勝クラス,13:40発走 / 芝1600m (右 外 B) / 天候:晴 / 馬場:良,13,フォルナックス,36.8,2.7,2026-06-13 16:45:48+09:00,result
2026-06-13,阪神,8,3歳以上1勝クラス,13:40発走 / 芝1600m (右 外 B) / 天候:晴 / 馬場:良,14,サッポロイクコ,50.8,2.0,2026-06-13 16:45:48+09:00,result
2026-06-13,阪神,8,3歳以上1勝クラス,13:40発走 / 芝1600m (右 外 B) / 天候:晴 / 馬場:良,15,テイエムスティール,15.8,6.3,2026-06-13 16:45:48+09:00,result
2026-06-13,阪神,9,三田特別,14:10発走 / 芝2200m (右 B) / 天候:晴 / 馬場:良,1,ホウオウレイヴン,74.3,1.3,2026-06-13 16:45:50+09:00,result
2026-06-13,阪神,9,三田特別,14:10発走 / 芝2200m (右 B) / 天候:晴 / 馬場:良,2,アットアブラスト,60.2,1.7,2026-06-13 16:45:50+09:00,result
2026-06-13,阪神,9,三田特別,14:10発走 / 芝2200m (右 B) / 天候:晴 / 馬場:良,3,ブレットパス,2.3,43.5,2026-06-13 16:45:50+09:00,result
2026-06-13,阪神,9,三田特別,14:10発走 / 芝2200m (右 B) / 天候:晴 / 馬場:良,4,メディテラニアン,8.5,11.8,2026-06-13 16:45:50+09:00,result
2026-06-13,阪神,9,三田特別,14:10発走 / 芝2200m (右 B) / 天候:晴 / 馬場:良,5,ノチェセラーダ,2.5,40.0,2026-06-13 16:45:50+09:00,result
2026-06-13,阪神,9,三田特別,14:10発走 / 芝2200m (右 B) / 天候:晴 / 馬場:良,6,オーシンハーフ,107.9,0.9,2026-06-13 16:45:50+09:00,result
2026-06-13,阪神,9,三田特別,14:10発走 / 芝2200m (右 B) / 天候:晴 / 馬場:良,7,ショウナンガチ,83.2,1.2,2026-06-13 16:45:50+09:00,result
2026-06-13,阪神,9,三田特別,14:10発走 / 芝2200m (右 B) / 天候:晴 / 馬場:良,8,メイショウアイル,12.4,8.1,2026-06-13 16:45:50+09:00,result
2026-06-13,阪神,9,三田特別,14:10発走 / 芝2200m (右 B) / 天候:晴 / 馬場:良,9,アスクコモンタレヴ,5.3,18.9,2026-06-13 16:45:50+09:00,result
2026-06-13,阪神,10,安芸特別,14:45発走 / ダ1200m (右) / 天候:晴 / 馬場:良,1,モカラマーズ,18.2,5.5,2026-06-13 16:45:52+09:00,result
2026-06-13,阪神,10,安芸特別,14:45発走 / ダ1200m (右) / 天候:晴 / 馬場:良,2,ブリーズオンチーク,326.1,0.3,2026-06-13 16:45:52+09:00,result
2026-06-13,阪神,10,安芸特別,14:45発走 / ダ1200m (右) / 天候:晴 / 馬場:良,3,シュヴァルツリーベ,105.1,1.0,2026-06-13 16:45:52+09:00,result
2026-06-13,阪神,10,安芸特別,14:45発走 / ダ1200m (右) / 天候:晴 / 馬場:良,4,キボウノホシ,237.0,0.4,2026-06-13 16:45:52+09:00,result
2026-06-13,阪神,10,安芸特別,14:45発走 / ダ1200m (右) / 天候:晴 / 馬場:良,5,セールヴォラン,30.8,3.2,2026-06-13 16:45:52+09:00,result
2026-06-13,阪神,10,安芸特別,14:45発走 / ダ1200m (右) / 天候:晴 / 馬場:良,6,タマモナポリ,31.1,3.2,2026-06-13 16:45:52+09:00,result
2026-06-13,阪神,10,安芸特別,14:45発走 / ダ1200m (右) / 天候:晴 / 馬場:良,7,ツーピース,220.9,0.5,2026-06-13 16:45:52+09:00,result
2026-06-13,阪神,10,安芸特別,14:45発走 / ダ1200m (右) / 天候:晴 / 馬場:良,8,オトメナシャチョウ,28.9,3.5,2026-06-13 16:45:52+09:00,result
2026-06-13,阪神,10,安芸特別,14:45発走 / ダ1200m (右) / 天候:晴 / 馬場:良,9,ミキノバカラ,153.4,0.7,2026-06-13 16:45:52+09:00,result
2026-06-13,阪神,10,安芸特別,14:45発走 / ダ1200m (右) / 天候:晴 / 馬場:良,10,カネコメブライト,21.3,4.7,2026-06-13 16:45:52+09:00,result
2026-06-13,阪神,10,安芸特別,14:45発走 / ダ1200m (右) / 天候:晴 / 馬場:良,11,ボルセーナ,120.1,0.8,2026-06-13 16:45:52+09:00,result
2026-06-13,阪神,10,安芸特別,14:45発走 / ダ1200m (右) / 天候:晴 / 馬場:良,12,ヴィクトリーロード,281.2,0.4,2026-06-13 16:45:52+09:00,result
2026-06-13,阪神,10,安芸特別,14:45発走 / ダ1200m (右) / 天候:晴 / 馬場:良,13,テーオーグレーザー,2.0,50.0,2026-06-13 16:45:52+09:00,result
2026-06-13,阪神,10,安芸特別,14:45発走 / ダ1200m (右) / 天候:晴 / 馬場:良,14,ヴリトラハン,8.1,12.3,2026-06-13 16:45:52+09:00,result
2026-06-13,阪神,10,安芸特別,14:45発走 / ダ1200m (右) / 天候:晴 / 馬場:良,15,サンマルノヴェル,10.5,9.5,2026-06-13 16:45:52+09:00,result
2026-06-13,阪神,10,安芸特別,14:45発走 / ダ1200m (右) / 天候:晴 / 馬場:良,16,ソウルオンファイア,3.2,31.2,2026-06-13 16:45:52+09:00,result
2026-06-13,阪神,11,三宮S,15:20発走 / ダ1800m (右) / 天候:晴 / 馬場:良,1,リチュアル,50.9,2.0,2026-06-13 16:45:54+09:00,result
2026-06-13,阪神,11,三宮S,15:20発走 / ダ1800m (右) / 天候:晴 / 馬場:良,2,マリアナトレンチ,200.4,0.5,2026-06-13 16:45:54+09:00,result
2026-06-13,阪神,11,三宮S,15:20発走 / ダ1800m (右) / 天候:晴 / 馬場:良,3,サンマルパトロール,209.6,0.5,2026-06-13 16:45:54+09:00,result
2026-06-13,阪神,11,三宮S,15:20発走 / ダ1800m (右) / 天候:晴 / 馬場:良,4,クインズショコラ,15.4,6.5,2026-06-13 16:45:54+09:00,result
2026-06-13,阪神,11,三宮S,15:20発走 / ダ1800m (右) / 天候:晴 / 馬場:良,5,テーオーグランビル,13.5,7.4,2026-06-13 16:45:54+09:00,result
2026-06-13,阪神,11,三宮S,15:20発走 / ダ1800m (右) / 天候:晴 / 馬場:良,6,ハギノサステナブル,13.4,7.5,2026-06-13 16:45:54+09:00,result
2026-06-13,阪神,11,三宮S,15:20発走 / ダ1800m (右) / 天候:晴 / 馬場:良,7,モックモック,4.1,24.4,2026-06-13 16:45:54+09:00,result
2026-06-13,阪神,11,三宮S,15:20発走 / ダ1800m (右) / 天候:晴 / 馬場:良,8,ピースオブザライフ,338.2,0.3,2026-06-13 16:45:54+09:00,result
2026-06-13,阪神,11,三宮S,15:20発走 / ダ1800m (右) / 天候:晴 / 馬場:良,9,グランドプラージュ,1.7,58.8,2026-06-13 16:45:54+09:00,result
2026-06-13,阪神,11,三宮S,15:20発走 / ダ1800m (右) / 天候:晴 / 馬場:良,10,ヴィヴァン,115.1,0.9,2026-06-13 16:45:54+09:00,result
2026-06-13,阪神,11,三宮S,15:20発走 / ダ1800m (右) / 天候:晴 / 馬場:良,11,レヴォントゥレット,43.4,2.3,2026-06-13 16:45:54+09:00,result
2026-06-13,阪神,11,三宮S,15:20発走 / ダ1800m (右) / 天候:晴 / 馬場:良,12,ハピ,24.2,4.1,2026-06-13 16:45:54+09:00,result
2026-06-13,阪神,11,三宮S,15:20発走 / ダ1800m (右) / 天候:晴 / 馬場:良,13,メイショウズイウン,72.1,1.4,2026-06-13 16:45:54+09:00,result
2026-06-13,阪神,11,三宮S,15:20発走 / ダ1800m (右) / 天候:晴 / 馬場:良,14,メイショウユズルハ,193.6,0.5,2026-06-13 16:45:54+09:00,result
2026-06-13,阪神,11,三宮S,15:20発走 / ダ1800m (右) / 天候:晴 / 馬場:良,15,ラインオブソウル,72.1,1.4,2026-06-13 16:45:54+09:00,result
2026-06-13,阪神,11,三宮S,15:20発走 / ダ1800m (右) / 天候:晴 / 馬場:良,16,ゴールデンクラウド,13.7,7.3,2026-06-13 16:45:54+09:00,result
2026-06-13,阪神,12,3歳以上1勝クラス,16:05発走 / 芝1200m (右 B) / 天候:晴 / 馬場:良,1,ペンテリコン,14.8,6.8,2026-06-13 16:45:56+09:00,result
2026-06-13,阪神,12,3歳以上1勝クラス,16:05発走 / 芝1200m (右 B) / 天候:晴 / 馬場:良,2,ミルトベスト,22.5,4.4,2026-06-13 16:45:56+09:00,result
2026-06-13,阪神,12,3歳以上1勝クラス,16:05発走 / 芝1200m (右 B) / 天候:晴 / 馬場:良,3,ブライトアゲイン,7.3,13.7,2026-06-13 16:45:56+09:00,result
2026-06-13,阪神,12,3歳以上1勝クラス,16:05発走 / 芝1200m (右 B) / 天候:晴 / 馬場:良,4,フェリーニ,22.2,4.5,2026-06-13 16:45:56+09:00,result
2026-06-13,阪神,12,3歳以上1勝クラス,16:05発走 / 芝1200m (右 B) / 天候:晴 / 馬場:良,5,リアルアルバ,53.7,1.9,2026-06-13 16:45:56+09:00,result
2026-06-13,阪神,12,3歳以上1勝クラス,16:05発走 / 芝1200m (右 B) / 天候:晴 / 馬場:良,6,フェゲフォイア,326.4,0.3,2026-06-13 16:45:56+09:00,result
2026-06-13,阪神,12,3歳以上1勝クラス,16:05発走 / 芝1200m (右 B) / 天候:晴 / 馬場:良,7,ダイアナクイーン,19.1,5.2,2026-06-13 16:45:56+09:00,result
2026-06-13,阪神,12,3歳以上1勝クラス,16:05発走 / 芝1200m (右 B) / 天候:晴 / 馬場:良,8,ヴァージル,8.0,12.5,2026-06-13 16:45:56+09:00,result
2026-06-13,阪神,12,3歳以上1勝クラス,16:05発走 / 芝1200m (右 B) / 天候:晴 / 馬場:良,9,トウカイフルーレ,76.2,1.3,2026-06-13 16:45:56+09:00,result
2026-06-13,阪神,12,3歳以上1勝クラス,16:05発走 / 芝1200m (右 B) / 天候:晴 / 馬場:良,10,マイケルバローズ,1.7,58.8,2026-06-13 16:45:56+09:00,result
2026-06-13,阪神,12,3歳以上1勝クラス,16:05発走 / 芝1200m (右 B) / 天候:晴 / 馬場:良,11,エスティヴァリス,69.6,1.4,2026-06-13 16:45:56+09:00,result
2026-06-13,阪神,12,3歳以上1勝クラス,16:05発走 / 芝1200m (右 B) / 天候:晴 / 馬場:良,12,フィオラーノ,7.4,13.5,2026-06-13 16:45:56+09:00,result
2026-06-13,阪神,12,3歳以上1勝クラス,16:05発走 / 芝1200m (右 B) / 天候:晴 / 馬場:良,13,スピリットライズ,107.2,0.9,2026-06-13 16:45:56+09:00,result
2026-06-13,阪神,12,3歳以上1勝クラス,16:05発走 / 芝1200m (右 B) / 天候:晴 / 馬場:良,14,ハルオーブ,69.7,1.4,2026-06-13 16:45:56+09:00,result
2026-06-13,函館,1,3歳未勝利,10:05発走 / 芝1200m (右 A) / 天候:雨 / 馬場:稍,1,ヒャクレツケン,179.3,0.6,2026-06-13 16:46:21+09:00,result
2026-06-13,函館,1,3歳未勝利,10:05発走 / 芝1200m (右 A) / 天候:雨 / 馬場:稍,3,ティスマイル,423.1,0.2,2026-06-13 16:46:21+09:00,result
2026-06-13,函館,1,3歳未勝利,10:05発走 / 芝1200m (右 A) / 天候:雨 / 馬場:稍,4,スタンダールロマン,62.5,1.6,2026-06-13 16:46:21+09:00,result
2026-06-13,函館,1,3歳未勝利,10:05発走 / 芝1200m (右 A) / 天候:雨 / 馬場:稍,5,ジャーナーリア,3.8,26.3,2026-06-13 16:46:21+09:00,result
2026-06-13,函館,1,3歳未勝利,10:05発走 / 芝1200m (右 A) / 天候:雨 / 馬場:稍,6,コスモファーブロス,4.0,25.0,2026-06-13 16:46:21+09:00,result
2026-06-13,函館,1,3歳未勝利,10:05発走 / 芝1200m (右 A) / 天候:雨 / 馬場:稍,7,アルサック,7.4,13.5,2026-06-13 16:46:21+09:00,result
2026-06-13,函館,1,3歳未勝利,10:05発走 / 芝1200m (右 A) / 天候:雨 / 馬場:稍,8,シーシェル,122.8,0.8,2026-06-13 16:46:21+09:00,result
2026-06-13,函館,1,3歳未勝利,10:05発走 / 芝1200m (右 A) / 天候:雨 / 馬場:稍,9,ニシノマーレ,3.2,31.2,2026-06-13 16:46:21+09:00,result
2026-06-13,函館,1,3歳未勝利,10:05発走 / 芝1200m (右 A) / 天候:雨 / 馬場:稍,10,ディーズメンフィス,27.0,3.7,2026-06-13 16:46:21+09:00,result
2026-06-13,函館,1,3歳未勝利,10:05発走 / 芝1200m (右 A) / 天候:雨 / 馬場:稍,11,ハナイロマヒナ,43.0,2.3,2026-06-13 16:46:21+09:00,result
2026-06-13,函館,1,3歳未勝利,10:05発走 / 芝1200m (右 A) / 天候:雨 / 馬場:稍,12,デルマハルナ,310.4,0.3,2026-06-13 16:46:21+09:00,result
2026-06-13,函館,1,3歳未勝利,10:05発走 / 芝1200m (右 A) / 天候:雨 / 馬場:稍,13,ヨドノサファイア,21.3,4.7,2026-06-13 16:46:21+09:00,result
2026-06-13,函館,1,3歳未勝利,10:05発走 / 芝1200m (右 A) / 天候:雨 / 馬場:稍,14,ソレイユルヴァン,144.1,0.7,2026-06-13 16:46:21+09:00,result
2026-06-13,函館,1,3歳未勝利,10:05発走 / 芝1200m (右 A) / 天候:雨 / 馬場:稍,15,テンユウ,8.1,12.3,2026-06-13 16:46:21+09:00,result
2026-06-13,函館,1,3歳未勝利,10:05発走 / 芝1200m (右 A) / 天候:雨 / 馬場:稍,16,ティンクルバレット,28.2,3.5,2026-06-13 16:46:21+09:00,result
2026-06-13,函館,2,3歳未勝利,10:35発走 / ダ1700m (右) / 天候:雨 / 馬場:稍,1,ワンダーアスク,8.9,11.2,2026-06-13 16:46:24+09:00,result
2026-06-13,函館,2,3歳未勝利,10:35発走 / ダ1700m (右) / 天候:雨 / 馬場:稍,2,コウソクユノ,6.0,16.7,2026-06-13 16:46:24+09:00,result
2026-06-13,函館,2,3歳未勝利,10:35発走 / ダ1700m (右) / 天候:雨 / 馬場:稍,3,ベルラフィネ,71.5,1.4,2026-06-13 16:46:24+09:00,result
2026-06-13,函館,2,3歳未勝利,10:35発走 / ダ1700m (右) / 天候:雨 / 馬場:稍,4,スマートコーラル,5.4,18.5,2026-06-13 16:46:24+09:00,result
2026-06-13,函館,2,3歳未勝利,10:35発走 / ダ1700m (右) / 天候:雨 / 馬場:稍,5,ドゥブルヴェ,70.7,1.4,2026-06-13 16:46:24+09:00,result
2026-06-13,函館,2,3歳未勝利,10:35発走 / ダ1700m (右) / 天候:雨 / 馬場:稍,6,ルージュアイラ,28.8,3.5,2026-06-13 16:46:24+09:00,result
2026-06-13,函館,2,3歳未勝利,10:35発走 / ダ1700m (右) / 天候:雨 / 馬場:稍,7,ビーチイン,6.2,16.1,2026-06-13 16:46:24+09:00,result
2026-06-13,函館,2,3歳未勝利,10:35発走 / ダ1700m (右) / 天候:雨 / 馬場:稍,8,コサージュ,13.8,7.2,2026-06-13 16:46:24+09:00,result
2026-06-13,函館,2,3歳未勝利,10:35発走 / ダ1700m (右) / 天候:雨 / 馬場:稍,9,ファイネクローネ,17.4,5.7,2026-06-13 16:46:24+09:00,result
2026-06-13,函館,2,3歳未勝利,10:35発走 / ダ1700m (右) / 天候:雨 / 馬場:稍,10,テンレッドサン,3.1,32.3,2026-06-13 16:46:24+09:00,result
2026-06-13,函館,2,3歳未勝利,10:35発走 / ダ1700m (右) / 天候:雨 / 馬場:稍,11,アンミックス,32.2,3.1,2026-06-13 16:46:24+09:00,result
2026-06-13,函館,2,3歳未勝利,10:35発走 / ダ1700m (右) / 天候:雨 / 馬場:稍,12,エルファリス,116.3,0.9,2026-06-13 16:46:24+09:00,result
2026-06-13,函館,2,3歳未勝利,10:35発走 / ダ1700m (右) / 天候:雨 / 馬場:稍,13,ミリオンアップ,13.7,7.3,2026-06-13 16:46:24+09:00,result
2026-06-13,函館,2,3歳未勝利,10:35発走 / ダ1700m (右) / 天候:雨 / 馬場:稍,14,テリオスリコ,241.2,0.4,2026-06-13 16:46:24+09:00,result
2026-06-13,函館,3,3歳未勝利,11:05発走 / ダ1000m (右) / 天候:曇 / 馬場:稍,1,スイーヴル,7.3,13.7,2026-06-13 16:46:26+09:00,result
2026-06-13,函館,3,3歳未勝利,11:05発走 / ダ1000m (右) / 天候:曇 / 馬場:稍,2,ミツカネメルクリオ,18.9,5.3,2026-06-13 16:46:26+09:00,result
2026-06-13,函館,3,3歳未勝利,11:05発走 / ダ1000m (右) / 天候:曇 / 馬場:稍,3,ワイドアルバ,49.5,2.0,2026-06-13 16:46:26+09:00,result
2026-06-13,函館,3,3歳未勝利,11:05発走 / ダ1000m (右) / 天候:曇 / 馬場:稍,4,メイワメジェール,8.7,11.5,2026-06-13 16:46:26+09:00,result
2026-06-13,函館,3,3歳未勝利,11:05発走 / ダ1000m (右) / 天候:曇 / 馬場:稍,5,モノノケ,69.2,1.4,2026-06-13 16:46:26+09:00,result
2026-06-13,函館,3,3歳未勝利,11:05発走 / ダ1000m (右) / 天候:曇 / 馬場:稍,6,クロナ,8.7,11.5,2026-06-13 16:46:26+09:00,result
2026-06-13,函館,3,3歳未勝利,11:05発走 / ダ1000m (右) / 天候:曇 / 馬場:稍,7,ダイシンレスター,89.2,1.1,2026-06-13 16:46:26+09:00,result
2026-06-13,函館,3,3歳未勝利,11:05発走 / ダ1000m (右) / 天候:曇 / 馬場:稍,8,チュラヴェール,22.0,4.5,2026-06-13 16:46:26+09:00,result
2026-06-13,函館,3,3歳未勝利,11:05発走 / ダ1000m (右) / 天候:曇 / 馬場:稍,9,マーゴットオネイロ,2.2,45.5,2026-06-13 16:46:26+09:00,result
2026-06-13,函館,3,3歳未勝利,11:05発走 / ダ1000m (右) / 天候:曇 / 馬場:稍,10,イングラム,3.6,27.8,2026-06-13 16:46:26+09:00,result
2026-06-13,函館,3,3歳未勝利,11:05発走 / ダ1000m (右) / 天候:曇 / 馬場:稍,11,クルビデンス,195.5,0.5,2026-06-13 16:46:26+09:00,result
2026-06-13,函館,3,3歳未勝利,11:05発走 / ダ1000m (右) / 天候:曇 / 馬場:稍,12,トコシエノヒトミ,53.8,1.9,2026-06-13 16:46:26+09:00,result
2026-06-13,函館,4,3歳未勝利,11:40発走 / 芝2600m (右 A) / 天候:曇 / 馬場:稍,1,デリシューズマン,93.6,1.1,2026-06-13 16:46:28+09:00,result
2026-06-13,函館,4,3歳未勝利,11:40発走 / 芝2600m (右 A) / 天候:曇 / 馬場:稍,2,フォーチュンローズ,3.2,31.2,2026-06-13 16:46:28+09:00,result
2026-06-13,函館,4,3歳未勝利,11:40発走 / 芝2600m (右 A) / 天候:曇 / 馬場:稍,3,モヴシエラ,181.1,0.6,2026-06-13 16:46:28+09:00,result
2026-06-13,函館,4,3歳未勝利,11:40発走 / 芝2600m (右 A) / 天候:曇 / 馬場:稍,4,サクセスブルー,65.0,1.5,2026-06-13 16:46:28+09:00,result
2026-06-13,函館,4,3歳未勝利,11:40発走 / 芝2600m (右 A) / 天候:曇 / 馬場:稍,5,テンバコウクウ,157.5,0.6,2026-06-13 16:46:28+09:00,result
2026-06-13,函館,4,3歳未勝利,11:40発走 / 芝2600m (右 A) / 天候:曇 / 馬場:稍,6,クオンタムスター,4.5,22.2,2026-06-13 16:46:28+09:00,result
2026-06-13,函館,4,3歳未勝利,11:40発走 / 芝2600m (右 A) / 天候:曇 / 馬場:稍,7,ホウオウファミリー,5.8,17.2,2026-06-13 16:46:28+09:00,result
2026-06-13,函館,4,3歳未勝利,11:40発走 / 芝2600m (右 A) / 天候:曇 / 馬場:稍,8,ノリマル,7.5,13.3,2026-06-13 16:46:28+09:00,result
2026-06-13,函館,4,3歳未勝利,11:40発走 / 芝2600m (右 A) / 天候:曇 / 馬場:稍,9,ドナシュネル,520.6,0.2,2026-06-13 16:46:28+09:00,result
2026-06-13,函館,4,3歳未勝利,11:40発走 / 芝2600m (右 A) / 天候:曇 / 馬場:稍,10,ブランニューホーム,25.4,3.9,2026-06-13 16:46:28+09:00,result
2026-06-13,函館,4,3歳未勝利,11:40発走 / 芝2600m (右 A) / 天候:曇 / 馬場:稍,11,タビニュ,17.2,5.8,2026-06-13 16:46:28+09:00,result
2026-06-13,函館,4,3歳未勝利,11:40発走 / 芝2600m (右 A) / 天候:曇 / 馬場:稍,12,ブリックアブラック,224.7,0.4,2026-06-13 16:46:28+09:00,result
2026-06-13,函館,4,3歳未勝利,11:40発走 / 芝2600m (右 A) / 天候:曇 / 馬場:稍,13,ダイユウアドバンス,400.1,0.2,2026-06-13 16:46:28+09:00,result
2026-06-13,函館,4,3歳未勝利,11:40発走 / 芝2600m (右 A) / 天候:曇 / 馬場:稍,14,コスモブラック,11.6,8.6,2026-06-13 16:46:28+09:00,result
2026-06-13,函館,4,3歳未勝利,11:40発走 / 芝2600m (右 A) / 天候:曇 / 馬場:稍,15,デルマフジ,5.2,19.2,2026-06-13 16:46:28+09:00,result
2026-06-13,函館,5,2歳新馬,12:30発走 / 芝1200m (右 A) / 天候:晴 / 馬場:稍,1,ダイメイビッグボス,3.9,25.6,2026-06-13 16:46:30+09:00,result
2026-06-13,函館,5,2歳新馬,12:30発走 / 芝1200m (右 A) / 天候:晴 / 馬場:稍,2,アルテクィーン,6.1,16.4,2026-06-13 16:46:30+09:00,result
2026-06-13,函館,5,2歳新馬,12:30発走 / 芝1200m (右 A) / 天候:晴 / 馬場:稍,3,ロードレスポンス,51.5,1.9,2026-06-13 16:46:30+09:00,result
2026-06-13,函館,5,2歳新馬,12:30発走 / 芝1200m (右 A) / 天候:晴 / 馬場:稍,4,ダイシンドラゴン,3.0,33.3,2026-06-13 16:46:30+09:00,result
2026-06-13,函館,5,2歳新馬,12:30発走 / 芝1200m (右 A) / 天候:晴 / 馬場:稍,5,キセキノユニコーン,48.1,2.1,2026-06-13 16:46:30+09:00,result
2026-06-13,函館,5,2歳新馬,12:30発走 / 芝1200m (右 A) / 天候:晴 / 馬場:稍,6,クールストラッチン,21.1,4.7,2026-06-13 16:46:30+09:00,result
2026-06-13,函館,5,2歳新馬,12:30発走 / 芝1200m (右 A) / 天候:晴 / 馬場:稍,7,ヴィヴィアンリーチ,7.8,12.8,2026-06-13 16:46:30+09:00,result
2026-06-13,函館,5,2歳新馬,12:30発走 / 芝1200m (右 A) / 天候:晴 / 馬場:稍,8,ウィルレーヴィア,119.2,0.8,2026-06-13 16:46:30+09:00,result
2026-06-13,函館,5,2歳新馬,12:30発走 / 芝1200m (右 A) / 天候:晴 / 馬場:稍,9,グランモンターナ,74.4,1.3,2026-06-13 16:46:30+09:00,result
2026-06-13,函館,5,2歳新馬,12:30発走 / 芝1200m (右 A) / 天候:晴 / 馬場:稍,10,アイルドフルール,19.2,5.2,2026-06-13 16:46:30+09:00,result
2026-06-13,函館,5,2歳新馬,12:30発走 / 芝1200m (右 A) / 天候:晴 / 馬場:稍,11,ブルドッグミトス,77.3,1.3,2026-06-13 16:46:30+09:00,result
2026-06-13,函館,5,2歳新馬,12:30発走 / 芝1200m (右 A) / 天候:晴 / 馬場:稍,12,ショウナンカノア,4.9,20.4,2026-06-13 16:46:30+09:00,result
2026-06-13,函館,6,3歳未勝利,13:00発走 / ダ1700m (右) / 天候:晴 / 馬場:稍,1,トーセンアミューズ,124.1,0.8,2026-06-13 16:46:32+09:00,result
2026-06-13,函館,6,3歳未勝利,13:00発走 / ダ1700m (右) / 天候:晴 / 馬場:稍,2,オンザムービー,3.0,33.3,2026-06-13 16:46:32+09:00,result
2026-06-13,函館,6,3歳未勝利,13:00発走 / ダ1700m (右) / 天候:晴 / 馬場:稍,3,ワルキューレキング,33.6,3.0,2026-06-13 16:46:32+09:00,result
2026-06-13,函館,6,3歳未勝利,13:00発走 / ダ1700m (右) / 天候:晴 / 馬場:稍,4,セイウンサファイア,36.1,2.8,2026-06-13 16:46:32+09:00,result
2026-06-13,函館,6,3歳未勝利,13:00発走 / ダ1700m (右) / 天候:晴 / 馬場:稍,5,メイショウタイザン,9.9,10.1,2026-06-13 16:46:32+09:00,result
2026-06-13,函館,6,3歳未勝利,13:00発走 / ダ1700m (右) / 天候:晴 / 馬場:稍,6,サンオブザサン,32.3,3.1,2026-06-13 16:46:32+09:00,result
2026-06-13,函館,6,3歳未勝利,13:00発走 / ダ1700m (右) / 天候:晴 / 馬場:稍,7,ホシヅキヨ,25.2,4.0,2026-06-13 16:46:32+09:00,result
2026-06-13,函館,6,3歳未勝利,13:00発走 / ダ1700m (右) / 天候:晴 / 馬場:稍,8,トーレス,141.2,0.7,2026-06-13 16:46:32+09:00,result
2026-06-13,函館,6,3歳未勝利,13:00発走 / ダ1700m (右) / 天候:晴 / 馬場:稍,9,メイショウライガ,70.2,1.4,2026-06-13 16:46:32+09:00,result
2026-06-13,函館,6,3歳未勝利,13:00発走 / ダ1700m (右) / 天候:晴 / 馬場:稍,10,コイオステソーロ,2.8,35.7,2026-06-13 16:46:32+09:00,result
2026-06-13,函館,6,3歳未勝利,13:00発走 / ダ1700m (右) / 天候:晴 / 馬場:稍,11,キセログラフィカ,3.3,30.3,2026-06-13 16:46:32+09:00,result
2026-06-13,函館,6,3歳未勝利,13:00発走 / ダ1700m (右) / 天候:晴 / 馬場:稍,12,エトワールブルー,47.4,2.1,2026-06-13 16:46:32+09:00,result
2026-06-13,函館,7,3歳以上1勝クラス,13:30発走 / 芝1200m (右 A) / 天候:晴 / 馬場:稍,1,ブライアーヒル,60.6,1.7,2026-06-13 16:46:34+09:00,result
2026-06-13,函館,7,3歳以上1勝クラス,13:30発走 / 芝1200m (右 A) / 天候:晴 / 馬場:稍,2,ホワイトドラゴン,4.0,25.0,2026-06-13 16:46:34+09:00,result
2026-06-13,函館,7,3歳以上1勝クラス,13:30発走 / 芝1200m (右 A) / 天候:晴 / 馬場:稍,3,グランテレーズ,8.0,12.5,2026-06-13 16:46:34+09:00,result
2026-06-13,函館,7,3歳以上1勝クラス,13:30発走 / 芝1200m (右 A) / 天候:晴 / 馬場:稍,4,ドリーミングアップ,7.9,12.7,2026-06-13 16:46:34+09:00,result
2026-06-13,函館,7,3歳以上1勝クラス,13:30発走 / 芝1200m (右 A) / 天候:晴 / 馬場:稍,5,ナオミライトニング,10.2,9.8,2026-06-13 16:46:34+09:00,result
2026-06-13,函館,7,3歳以上1勝クラス,13:30発走 / 芝1200m (右 A) / 天候:晴 / 馬場:稍,6,カイショー,2.0,50.0,2026-06-13 16:46:34+09:00,result
2026-06-13,函館,7,3歳以上1勝クラス,13:30発走 / 芝1200m (右 A) / 天候:晴 / 馬場:稍,7,アンバーニードル,7.5,13.3,2026-06-13 16:46:34+09:00,result
2026-06-13,函館,7,3歳以上1勝クラス,13:30発走 / 芝1200m (右 A) / 天候:晴 / 馬場:稍,8,カイトグート,93.5,1.1,2026-06-13 16:46:34+09:00,result
2026-06-13,函館,8,3歳以上1勝クラス,14:00発走 / ダ1000m (右) / 天候:晴 / 馬場:稍,1,エムティリオ,42.0,2.4,2026-06-13 16:46:37+09:00,result
2026-06-13,函館,8,3歳以上1勝クラス,14:00発走 / ダ1000m (右) / 天候:晴 / 馬場:稍,2,スペルビア,58.9,1.7,2026-06-13 16:46:37+09:00,result
2026-06-13,函館,8,3歳以上1勝クラス,14:00発走 / ダ1000m (右) / 天候:晴 / 馬場:稍,3,クワイエットアイ,6.1,16.4,2026-06-13 16:46:37+09:00,result
2026-06-13,函館,8,3歳以上1勝クラス,14:00発走 / ダ1000m (右) / 天候:晴 / 馬場:稍,4,マインセーラ,206.1,0.5,2026-06-13 16:46:37+09:00,result
2026-06-13,函館,8,3歳以上1勝クラス,14:00発走 / ダ1000m (右) / 天候:晴 / 馬場:稍,5,コムルヴァン,148.6,0.7,2026-06-13 16:46:37+09:00,result
2026-06-13,函館,8,3歳以上1勝クラス,14:00発走 / ダ1000m (右) / 天候:晴 / 馬場:稍,6,ステラノヴァ,21.6,4.6,2026-06-13 16:46:37+09:00,result
2026-06-13,函館,8,3歳以上1勝クラス,14:00発走 / ダ1000m (右) / 天候:晴 / 馬場:稍,7,キャンドルマス,10.2,9.8,2026-06-13 16:46:37+09:00,result
2026-06-13,函館,8,3歳以上1勝クラス,14:00発走 / ダ1000m (右) / 天候:晴 / 馬場:稍,8,ジャスパーノベル,26.2,3.8,2026-06-13 16:46:37+09:00,result
2026-06-13,函館,8,3歳以上1勝クラス,14:00発走 / ダ1000m (右) / 天候:晴 / 馬場:稍,9,シャーンゴッセ,10.5,9.5,2026-06-13 16:46:37+09:00,result
2026-06-13,函館,8,3歳以上1勝クラス,14:00発走 / ダ1000m (右) / 天候:晴 / 馬場:稍,10,ビップムーラン,2.6,38.5,2026-06-13 16:46:37+09:00,result
2026-06-13,函館,8,3歳以上1勝クラス,14:00発走 / ダ1000m (右) / 天候:晴 / 馬場:稍,11,デアプリームス,3.1,32.3,2026-06-13 16:46:37+09:00,result
2026-06-13,函館,8,3歳以上1勝クラス,14:00発走 / ダ1000m (右) / 天候:晴 / 馬場:稍,12,ミッシオーネ,19.1,5.2,2026-06-13 16:46:37+09:00,result
2026-06-13,函館,9,奥尻特別,14:31発走 / 芝2000m (右 A) / 天候:晴 / 馬場:稍,1,マカナアネラ,6.2,16.1,2026-06-13 16:46:39+09:00,result
2026-06-13,函館,9,奥尻特別,14:31発走 / 芝2000m (右 A) / 天候:晴 / 馬場:稍,2,ドウアドバンテージ,3.4,29.4,2026-06-13 16:46:39+09:00,result
2026-06-13,函館,9,奥尻特別,14:31発走 / 芝2000m (右 A) / 天候:晴 / 馬場:稍,3,ニシノイストワール,66.1,1.5,2026-06-13 16:46:39+09:00,result
2026-06-13,函館,9,奥尻特別,14:31発走 / 芝2000m (右 A) / 天候:晴 / 馬場:稍,4,ムーンストラック,61.3,1.6,2026-06-13 16:46:39+09:00,result
2026-06-13,函館,9,奥尻特別,14:31発走 / 芝2000m (右 A) / 天候:晴 / 馬場:稍,5,マイネルモメンタム,28.5,3.5,2026-06-13 16:46:39+09:00,result
2026-06-13,函館,9,奥尻特別,14:31発走 / 芝2000m (右 A) / 天候:晴 / 馬場:稍,6,ウェイクフィールド,9.2,10.9,2026-06-13 16:46:39+09:00,result
2026-06-13,函館,9,奥尻特別,14:31発走 / 芝2000m (右 A) / 天候:晴 / 馬場:稍,7,ディーリライズ,29.1,3.4,2026-06-13 16:46:39+09:00,result
2026-06-13,函館,9,奥尻特別,14:31発走 / 芝2000m (右 A) / 天候:晴 / 馬場:稍,8,ページターナー,7.0,14.3,2026-06-13 16:46:39+09:00,result
2026-06-13,函館,9,奥尻特別,14:31発走 / 芝2000m (右 A) / 天候:晴 / 馬場:稍,9,シャインバオバブ,24.6,4.1,2026-06-13 16:46:39+09:00,result
2026-06-13,函館,9,奥尻特別,14:31発走 / 芝2000m (右 A) / 天候:晴 / 馬場:稍,10,カムアップローゼス,2.6,38.5,2026-06-13 16:46:39+09:00,result
2026-06-13,函館,9,奥尻特別,14:31発走 / 芝2000m (右 A) / 天候:晴 / 馬場:稍,11,ウインボレロ,28.6,3.5,2026-06-13 16:46:39+09:00,result
2026-06-13,函館,10,松前特別,15:05発走 / 芝1800m (右 A) / 天候:晴 / 馬場:稍,1,レイヤードレッド,21.2,4.7,2026-06-13 16:46:41+09:00,result
2026-06-13,函館,10,松前特別,15:05発走 / 芝1800m (右 A) / 天候:晴 / 馬場:稍,2,エリム,95.7,1.0,2026-06-13 16:46:41+09:00,result
2026-06-13,函館,10,松前特別,15:05発走 / 芝1800m (右 A) / 天候:晴 / 馬場:稍,3,ハートメテオ,3.7,27.0,2026-06-13 16:46:41+09:00,result
2026-06-13,函館,10,松前特別,15:05発走 / 芝1800m (右 A) / 天候:晴 / 馬場:稍,4,カテリーナ,8.0,12.5,2026-06-13 16:46:41+09:00,result
2026-06-13,函館,10,松前特別,15:05発走 / 芝1800m (右 A) / 天候:晴 / 馬場:稍,5,ストームサンダー,18.4,5.4,2026-06-13 16:46:41+09:00,result
2026-06-13,函館,10,松前特別,15:05発走 / 芝1800m (右 A) / 天候:晴 / 馬場:稍,6,ファミリーツリー,41.5,2.4,2026-06-13 16:46:41+09:00,result
2026-06-13,函館,10,松前特別,15:05発走 / 芝1800m (右 A) / 天候:晴 / 馬場:稍,7,サタデーサンライズ,5.9,16.9,2026-06-13 16:46:41+09:00,result
2026-06-13,函館,10,松前特別,15:05発走 / 芝1800m (右 A) / 天候:晴 / 馬場:稍,8,フォルテフィオーレ,13.8,7.2,2026-06-13 16:46:41+09:00,result
2026-06-13,函館,10,松前特別,15:05発走 / 芝1800m (右 A) / 天候:晴 / 馬場:稍,9,トレミニョン,64.3,1.6,2026-06-13 16:46:41+09:00,result
2026-06-13,函館,10,松前特別,15:05発走 / 芝1800m (右 A) / 天候:晴 / 馬場:稍,10,ラブリーリディア,49.1,2.0,2026-06-13 16:46:41+09:00,result
2026-06-13,函館,10,松前特別,15:05発走 / 芝1800m (右 A) / 天候:晴 / 馬場:稍,11,ロードマンハイム,23.8,4.2,2026-06-13 16:46:41+09:00,result
2026-06-13,函館,10,松前特別,15:05発走 / 芝1800m (右 A) / 天候:晴 / 馬場:稍,12,ザブライド,184.1,0.5,2026-06-13 16:46:41+09:00,result
2026-06-13,函館,10,松前特別,15:05発走 / 芝1800m (右 A) / 天候:晴 / 馬場:稍,13,ヤコブセン,157.3,0.6,2026-06-13 16:46:41+09:00,result
2026-06-13,函館,10,松前特別,15:05発走 / 芝1800m (右 A) / 天候:晴 / 馬場:稍,14,マイスターヴェルク,7.7,13.0,2026-06-13 16:46:41+09:00,result
2026-06-13,函館,10,松前特別,15:05発走 / 芝1800m (右 A) / 天候:晴 / 馬場:稍,15,ウインシャーガス,5.2,19.2,2026-06-13 16:46:41+09:00,result
2026-06-13,函館,10,松前特別,15:05発走 / 芝1800m (右 A) / 天候:晴 / 馬場:稍,16,ベネスピラ,13.1,7.6,2026-06-13 16:46:41+09:00,result
2026-06-13,函館,11,函館スプリントS,15:45発走 / 芝1200m (右 A) / 天候:晴 / 馬場:稍,1,モズナナスター,26.6,3.8,2026-06-13 16:46:43+09:00,result
2026-06-13,函館,11,函館スプリントS,15:45発走 / 芝1200m (右 A) / 天候:晴 / 馬場:稍,2,ダノンマッキンリー,21.1,4.7,2026-06-13 16:46:43+09:00,result
2026-06-13,函館,11,函館スプリントS,15:45発走 / 芝1200m (右 A) / 天候:晴 / 馬場:稍,3,レイピア,4.1,24.4,2026-06-13 16:46:43+09:00,result
2026-06-13,函館,11,函館スプリントS,15:45発走 / 芝1200m (右 A) / 天候:晴 / 馬場:稍,4,カルプスペルシュ,4.6,21.7,2026-06-13 16:46:43+09:00,result
2026-06-13,函館,11,函館スプリントS,15:45発走 / 芝1200m (右 A) / 天候:晴 / 馬場:稍,5,ジョーメッドヴィン,31.1,3.2,2026-06-13 16:46:43+09:00,result
2026-06-13,函館,11,函館スプリントS,15:45発走 / 芝1200m (右 A) / 天候:晴 / 馬場:稍,6,ウイングレイテスト,42.9,2.3,2026-06-13 16:46:43+09:00,result
2026-06-13,函館,11,函館スプリントS,15:45発走 / 芝1200m (右 A) / 天候:晴 / 馬場:稍,7,ピューロマジック,8.1,12.3,2026-06-13 16:46:43+09:00,result
2026-06-13,函館,11,函館スプリントS,15:45発走 / 芝1200m (右 A) / 天候:晴 / 馬場:稍,8,ポッドベイダー,19.9,5.0,2026-06-13 16:46:43+09:00,result
2026-06-13,函館,11,函館スプリントS,15:45発走 / 芝1200m (右 A) / 天候:晴 / 馬場:稍,10,エーティーマクフィ,6.9,14.5,2026-06-13 16:46:43+09:00,result
2026-06-13,函館,11,函館スプリントS,15:45発走 / 芝1200m (右 A) / 天候:晴 / 馬場:稍,11,インビンシブルパパ,7.8,12.8,2026-06-13 16:46:43+09:00,result
2026-06-13,函館,11,函館スプリントS,15:45発走 / 芝1200m (右 A) / 天候:晴 / 馬場:稍,12,ルシード,4.9,20.4,2026-06-13 16:46:43+09:00,result
2026-06-13,函館,11,函館スプリントS,15:45発走 / 芝1200m (右 A) / 天候:晴 / 馬場:稍,13,シュタールヴィント,142.1,0.7,2026-06-13 16:46:43+09:00,result
2026-06-13,函館,12,3歳以上1勝クラス,16:30発走 / ダ1700m (右) / 天候:晴 / 馬場:稍,1,レイサンソク,8.0,12.5,2026-06-13 16:46:45+09:00,result
2026-06-13,函館,12,3歳以上1勝クラス,16:30発走 / ダ1700m (右) / 天候:晴 / 馬場:稍,2,ポンピエ,7.4,13.5,2026-06-13 16:46:45+09:00,result
2026-06-13,函館,12,3歳以上1勝クラス,16:30発走 / ダ1700m (右) / 天候:晴 / 馬場:稍,3,ブリスフル,96.5,1.0,2026-06-13 16:46:45+09:00,result
2026-06-13,函館,12,3歳以上1勝クラス,16:30発走 / ダ1700m (右) / 天候:晴 / 馬場:稍,4,スマートブル,42.6,2.3,2026-06-13 16:46:45+09:00,result
2026-06-13,函館,12,3歳以上1勝クラス,16:30発走 / ダ1700m (右) / 天候:晴 / 馬場:稍,5,ロードアルディート,6.5,15.4,2026-06-13 16:46:45+09:00,result
2026-06-13,函館,12,3歳以上1勝クラス,16:30発走 / ダ1700m (右) / 天候:晴 / 馬場:稍,6,ロミオ,6.3,15.9,2026-06-13 16:46:45+09:00,result
2026-06-13,函館,12,3歳以上1勝クラス,16:30発走 / ダ1700m (右) / 天候:晴 / 馬場:稍,7,ホウオウバローロ,7.4,13.5,2026-06-13 16:46:45+09:00,result
2026-06-13,函館,12,3歳以上1勝クラス,16:30発走 / ダ1700m (右) / 天候:晴 / 馬場:稍,8,ディースプレマシー,80.0,1.2,2026-06-13 16:46:45+09:00,result
2026-06-13,函館,12,3歳以上1勝クラス,16:30発走 / ダ1700m (右) / 天候:晴 / 馬場:稍,9,ハヤブサオヒメサマ,29.8,3.4,2026-06-13 16:46:45+09:00,result
2026-06-13,函館,12,3歳以上1勝クラス,16:30発走 / ダ1700m (右) / 天候:晴 / 馬場:稍,10,ペトリコール,4.9,20.4,2026-06-13 16:46:45+09:00,result
2026-06-13,函館,12,3歳以上1勝クラス,16:30発走 / ダ1700m (右) / 天候:晴 / 馬場:稍,11,メイショウソラリス,4.5,22.2,2026-06-13 16:46:45+09:00,result
2026-06-13,函館,12,3歳以上1勝クラス,16:30発走 / ダ1700m (右) / 天候:晴 / 馬場:稍,12,シュヴァルノワール,21.7,4.6,2026-06-13 16:46:45+09:00,result
